bill	chamber	roll	date	yea	nay	title	disposition	reason
HB 12	house	1499308	2025-02-25	41	27	Extreme Risk Firearm Protection Order Changes	batch-01	imported
HB 128	house	1503058	2025-03-01	43	22	Nmfa Local Solar Access Fund	batch-01	imported
HB 2	house	1497872	2025-02-24	50	18	General Appropriation Act Of 2025	excluded	the general appropriation act; no research area carries an honest direction on a vote to fund the government
HB 295	house	1515651	2025-03-11	38	27	Tax On Property Owned By Nm Reta	dropped	confirms a property tax exemption for a private lessee's interest in transmission line property owned by the Renewable Energy Transmission Authority; reads equally well as clearing the path for renewable transmission or as a tax break for a private company, so no direction is defensible
HB 450	house	1522265	2025-03-19	41	25	Capital Outlay Projects	excluded	the capital outlay bill; appropriations, same reason as House Bill 2
HB 493	house	1523893	2025-03-20	51	13	Public Finance Accountability Act	batch-02	imported
HB 586	house	1519227	2025-03-17	41	26	Public Peace, Health, Safety & Welfare	batch-01	imported
HB 6	house	1492677	2025-02-17	41	26	Irb Project Minimum Wage	batch-01	imported
HB 66	house	1493841	2025-02-19	36	22	Workers' Compensation Changes	dropped	raises the cap on claimant attorney fees and the employer's discovery cost advance in workers' compensation cases; fee mechanics, no direction
HB 78	house	1518278	2025-03-15	36	28	Prohibit Discrimination Against 340b Entities	batch-02	imported
HB 8	house	1490733	2025-02-15	48	20	Criminal Competency & Treatment	batch-02	imported
HB 89	house	1503003	2025-03-01	40	25	Graduate Scholarship Act Changes	batch-01	imported
HB 91	house	1499171	2025-02-25	42	25	Public Utility Rate Structures	batch-02	imported
SB 1	house	1496721	2025-02-21	46	19	Behavioral Health Trust Fund	batch-02	imported
SB 113	house	1523983	2025-03-20	50	14	Board & Commission Sunset Dates	dropped	extends the sunset date of five boards and commissions; housekeeping, no direction
SB 120	house	1524430	2025-03-21	46	17	No Behavioral Health Cost Sharing	batch-01	imported
SB 124	house	1522178	2025-03-19	40	23	Superintendent Of Insurance Subpoenas	batch-01	imported
SB 127	house	1523936	2025-03-20	46	19	Movie Exemption From Barber & Cosmetic Act	dropped	exempts film and television make-up artists and hairstylists from barber and cosmetology licensing; no research area fits
SB 16	house	1524320	2025-03-21	36	33	Non-major Party Voters In Primary Elections	batch-01	imported
SB 21	house	1521928	2025-03-19	43	25	Pollutant Discharge Elimination System Act	batch-01	imported
SB 23	house	1523849	2025-03-20	37	31	Oil & Gas Royalty Rate Changes	batch-02	imported
SB 267	house	1523871	2025-03-20	42	21	Housing Application Fees	batch-01	imported
SB 290	house	1524382	2025-03-21	42	21	Raise Marriage License Fees	dropped	raises the marriage license fee and splits it between county funds; fee mechanics, no direction
SB 3	house	1496261	2025-02-20	42	23	Behavioral Health Reform & Investment Act	held	LEGISCAN TALLY IS WRONG. New Mexico's official roll call sheet RCS# 78 reads 44-23 with 2 absent; LegiScan stores 42-23 with 4 absent and lists 69 of 70 members. The approval gate writes the stored tally into the record text, so this roll cannot be imported
SB 36	house	1520184	2025-03-18	42	23	Sensitive Personal Information Nondisclosure	batch-01	imported
SB 364	house	1524440	2025-03-21	38	20	Law Enforcement Qualifications	batch-01	imported
SB 37	house	1523940	2025-03-20	42	20	Strategic Water Reserve Fund	batch-02	imported
SB 376	house	1524394	2025-03-21	52	13	State Employee Health Benefit Contributions	batch-02	imported
SB 45	house	1524422	2025-03-21	55	14	County Health Care Assistance Fund Use	batch-02	imported
SB 48	house	1522144	2025-03-19	39	26	Community Benefit Fund	batch-02	imported
SB 481	house	1524436	2025-03-21	39	26	State Fairgrounds District Act	dropped	creates a governing district for the Albuquerque state fairgrounds; single jurisdiction
SB 5	house	1516594	2025-03-12	42	26	Game Commission Reform	batch-02	imported
SB 535	house	1524365	2025-03-21	40	23	Public Peace, Health, Safety & Welfare	dropped	carries three unrelated subjects at once, a supported decision-making act, higher utility regulator fees and a doubled 911 surcharge; no single direction
SB 57	house	1520145	2025-03-18	42	25	Medical Provider Patient Ipra Info	batch-01	imported
SB 59	house	1524366	2025-03-21	34	27	Public Works Minimum Wage Definitions	batch-02	imported
SB 7	house	1520401	2025-03-18	46	18	Storm Water Service As Municipal Utility	batch-02	imported
SB 73	house	1519064	2025-03-17	39	27	Require Bicycle Stops For Safety	dropped	lets a cyclist treat a stop sign as a yield and a red light as a stop-then-proceed; which way this points on public safety is what the floor debate was about, and no research area settles it
SB 83	house	1523816	2025-03-20	31	25	Innovation In State Government Fund	batch-02	imported
SB 88	house	1524409	2025-03-21	52	13	Medicaid Trust Fund & State Supported Fund	batch-02	imported
SB 9	house	1524388	2025-03-21	45	15	Pipeline Safety Act Violations Civil Penalty	batch-01	imported
HB 12	senate	1519228	2025-03-17	23	15	Extreme Risk Firearm Protection Order Changes	out_of_scope	New Mexico senators serve four-year terms and were elected in 2024, so no Senate seat is on the 2026 ballot and this roll fans out to nobody
HB 128	senate	1523918	2025-03-20	24	16	Nmfa Local Solar Access Fund	out_of_scope	New Mexico senators serve four-year terms and were elected in 2024, so no Senate seat is on the 2026 ballot and this roll fans out to nobody
HB 19	senate	1524501	2025-03-22	28	9	Trade Ports Development Act	out_of_scope	New Mexico senators serve four-year terms and were elected in 2024, so no Senate seat is on the 2026 ballot and this roll fans out to nobody
HB 2	senate	1521439	2025-03-19	24	16	General Appropriation Act Of 2025	out_of_scope	New Mexico senators serve four-year terms and were elected in 2024, so no Senate seat is on the 2026 ballot and this roll fans out to nobody
HB 295	senate	1523991	2025-03-20	22	18	Tax On Property Owned By Nm Reta	out_of_scope	New Mexico senators serve four-year terms and were elected in 2024, so no Senate seat is on the 2026 ballot and this roll fans out to nobody
HB 361	senate	1524438	2025-03-21	26	12	Emnrd Conversion Of Certain Wells	out_of_scope	New Mexico senators serve four-year terms and were elected in 2024, so no Senate seat is on the 2026 ballot and this roll fans out to nobody
HB 450	senate	1523418	2025-03-20	25	16	Capital Outlay Projects	out_of_scope	New Mexico senators serve four-year terms and were elected in 2024, so no Senate seat is on the 2026 ballot and this roll fans out to nobody
HB 458	senate	1524428	2025-03-22	26	11	Carbon Dioxide Storage Stewardship Act	out_of_scope	New Mexico senators serve four-year terms and were elected in 2024, so no Senate seat is on the 2026 ballot and this roll fans out to nobody
HB 5	senate	1518104	2025-03-14	28	13	Office Of Child Advocate Act	out_of_scope	New Mexico senators serve four-year terms and were elected in 2024, so no Senate seat is on the 2026 ballot and this roll fans out to nobody
HB 586	senate	1523944	2025-03-20	28	12	Public Peace, Health, Safety & Welfare	out_of_scope	New Mexico senators serve four-year terms and were elected in 2024, so no Senate seat is on the 2026 ballot and this roll fans out to nobody
HB 6	senate	1524385	2025-03-21	23	15	Irb Project Minimum Wage	out_of_scope	New Mexico senators serve four-year terms and were elected in 2024, so no Senate seat is on the 2026 ballot and this roll fans out to nobody
HB 66	senate	1518297	2025-03-16	25	14	Workers' Compensation Changes	out_of_scope	New Mexico senators serve four-year terms and were elected in 2024, so no Senate seat is on the 2026 ballot and this roll fans out to nobody
HB 78	senate	1524233	2025-03-21	26	14	Prohibit Discrimination Against 340b Entities	out_of_scope	New Mexico senators serve four-year terms and were elected in 2024, so no Senate seat is on the 2026 ballot and this roll fans out to nobody
HB 89	senate	1524477	2025-03-21	27	11	Graduate Scholarship Act Changes	out_of_scope	New Mexico senators serve four-year terms and were elected in 2024, so no Senate seat is on the 2026 ballot and this roll fans out to nobody
HB 91	senate	1523409	2025-03-20	26	16	Public Utility Rate Structures	out_of_scope	New Mexico senators serve four-year terms and were elected in 2024, so no Senate seat is on the 2026 ballot and this roll fans out to nobody
SB 11	senate	1503061	2025-03-01	29	8	Anti-distraction Policy In Schools	out_of_scope	New Mexico senators serve four-year terms and were elected in 2024, so no Senate seat is on the 2026 ballot and this roll fans out to nobody
SB 113	senate	1503875	2025-03-03	28	12	Board & Commission Sunset Dates	out_of_scope	New Mexico senators serve four-year terms and were elected in 2024, so no Senate seat is on the 2026 ballot and this roll fans out to nobody
SB 120	senate	1518281	2025-03-15	19	14	No Behavioral Health Cost Sharing	out_of_scope	New Mexico senators serve four-year terms and were elected in 2024, so no Senate seat is on the 2026 ballot and this roll fans out to nobody
SB 16	senate	1494168	2025-02-19	27	11	Non-major Party Voters In Primary Elections	out_of_scope	New Mexico senators serve four-year terms and were elected in 2024, so no Senate seat is on the 2026 ballot and this roll fans out to nobody
SB 170	senate	1509692	2025-03-10	31	10	Nmfa Definitions, Funds & Rates	out_of_scope	New Mexico senators serve four-year terms and were elected in 2024, so no Senate seat is on the 2026 ballot and this roll fans out to nobody
SB 21	senate	1501137	2025-02-26	25	16	Pollutant Discharge Elimination System Act	out_of_scope	New Mexico senators serve four-year terms and were elected in 2024, so no Senate seat is on the 2026 ballot and this roll fans out to nobody
SB 23	senate	1497511	2025-02-22	21	15	Oil & Gas Royalty Rate Changes	out_of_scope	New Mexico senators serve four-year terms and were elected in 2024, so no Senate seat is on the 2026 ballot and this roll fans out to nobody
SB 236	senate	1505561	2024-02-10	28	9	Look Twice For Motorcycle License Plate	out_of_scope	New Mexico senators serve four-year terms and were elected in 2024, so no Senate seat is on the 2026 ballot and this roll fans out to nobody
SB 290	senate	1509662	2025-03-10	27	11	Raise Marriage License Fees	out_of_scope	New Mexico senators serve four-year terms and were elected in 2024, so no Senate seat is on the 2026 ballot and this roll fans out to nobody
SB 36	senate	1495995	2025-02-20	26	14	Sensitive Personal Information Nondisclosure	out_of_scope	New Mexico senators serve four-year terms and were elected in 2024, so no Senate seat is on the 2026 ballot and this roll fans out to nobody
SB 364	senate	1517365	2025-03-13	26	12	Law Enforcement Qualifications	out_of_scope	New Mexico senators serve four-year terms and were elected in 2024, so no Senate seat is on the 2026 ballot and this roll fans out to nobody
SB 37	senate	1505286	2025-03-04	25	15	Strategic Water Reserve Fund	out_of_scope	New Mexico senators serve four-year terms and were elected in 2024, so no Senate seat is on the 2026 ballot and this roll fans out to nobody
SB 375	senate	1518109	2025-03-14	25	11	Probation & Parole Changes	out_of_scope	New Mexico senators serve four-year terms and were elected in 2024, so no Senate seat is on the 2026 ballot and this roll fans out to nobody
SB 401	senate	1519870	2025-03-18	23	6	Broadband For Education	out_of_scope	New Mexico senators serve four-year terms and were elected in 2024, so no Senate seat is on the 2026 ballot and this roll fans out to nobody
SB 45	senate	1509714	2025-03-10	24	17	County Health Care Assistance Fund Use	out_of_scope	New Mexico senators serve four-year terms and were elected in 2024, so no Senate seat is on the 2026 ballot and this roll fans out to nobody
SB 48	senate	1499382	2025-02-25	23	15	Community Benefit Fund	out_of_scope	New Mexico senators serve four-year terms and were elected in 2024, so no Senate seat is on the 2026 ballot and this roll fans out to nobody
SB 481	senate	1519274	2025-03-17	24	15	State Fairgrounds District Act	out_of_scope	New Mexico senators serve four-year terms and were elected in 2024, so no Senate seat is on the 2026 ballot and this roll fans out to nobody
SB 5	senate	1503005	2025-03-01	28	12	Game Commission Reform	out_of_scope	New Mexico senators serve four-year terms and were elected in 2024, so no Senate seat is on the 2026 ballot and this roll fans out to nobody
SB 535	senate	1518282	2025-03-15	24	13	Public Peace, Health, Safety & Welfare	out_of_scope	New Mexico senators serve four-year terms and were elected in 2024, so no Senate seat is on the 2026 ballot and this roll fans out to nobody
SB 57	senate	1503760	2025-03-03	26	16	Medical Provider Patient Ipra Info	out_of_scope	New Mexico senators serve four-year terms and were elected in 2024, so no Senate seat is on the 2026 ballot and this roll fans out to nobody
SB 59	senate	1504989	2025-03-04	23	16	Public Works Minimum Wage Definitions	out_of_scope	New Mexico senators serve four-year terms and were elected in 2024, so no Senate seat is on the 2026 ballot and this roll fans out to nobody
SB 83	senate	1508036	2025-03-06	26	14	Innovation In State Government Fund	out_of_scope	New Mexico senators serve four-year terms and were elected in 2024, so no Senate seat is on the 2026 ballot and this roll fans out to nobody
SB 9	senate	1507677	2025-03-06	26	14	Pipeline Safety Act Violations Civil Penalty	out_of_scope	New Mexico senators serve four-year terms and were elected in 2024, so no Senate seat is on the 2026 ballot and this roll fans out to nobody
