bill	roll	date	question_class	yea	nay	disposition	reason	desc	title
HB2004	1671544	2026-03-26	conference_report	84	37	not-selected	filter 4 keeps one roll per measure per chamber	House Conference Committee Report was adopted	Requiring the secretary for children and families and the office of inspector general to exchange information and documents related to cash assistance, childcare assistance and food assistance fraud investigations and requiring the secretary for children and families and the secretary of health and environment to execute a memorandum of understanding or other written data-sharing instrument upon written request of the United States department of agriculture or the United States department of health and human services and comply with data requests from such federal agencies.
HB2004	1679999	2026-04-09	veto_override	85	38	candidate:batch-03	survived the title-versus-act check; awaits a reading of the enacted act	House Motion to override veto prevailed	Requiring the secretary for children and families and the office of inspector general to exchange information and documents related to cash assistance, childcare assistance and food assistance fraud investigations and requiring the secretary for children and families and the secretary of health and environment to execute a memorandum of understanding or other written data-sharing instrument upon written request of the United States department of agriculture or the United States department of health and human services and comply with data requests from such federal agencies.
HB2007	1492997	2025-02-19	passage	83	36	superseded	the chamber's last kept vote (2025-04-11, 121-0) was not divided	House Final Action - Substitute passed as amended	Senate Substitute for Substitute for HB 2007 by Committee on Ways and Means - Reconciling multiple amendments to certain statutes.
HB2016	1527779	2025-03-26	conference_report	97	26	candidate:batch-03	survived the title-versus-act check; awaits a reading of the enacted act	House Conference Committee Report was adopted	Including funeral home online obituary notices as sufficient grounds for removal of a deceased voter from the voter registration books; requiring that poll workers be citizens of the United States and live within the state of Kansas; prohibiting the disqualification of active military members, spouses or other dependents who are citizens of the United States as poll workers on the basis of residency or being a registered voter; relating to advance voting ballot applications; modifying the requirements for soliciting registered voters to submit advance voting applications.
HB2020	1483144	2025-02-06	passage	83	34	not-selected	filter 4 keeps one roll per measure per chamber	House Final Action - Passed as amended	Requiring a quarterly report from the director of the division of vehicles listing the names, addresses and alien registration numbers of certain noncitizens who have been issued a driver's license during such quarter.
HB2020	1522656	2025-03-20	concurrence	83	35	candidate:batch-03	survived the title-versus-act check; awaits a reading of the enacted act	House Concurred with amendments	Requiring a quarterly report from the director of the division of vehicles listing the names, addresses and alien registration numbers of certain noncitizens who have been issued a driver's license during such quarter.
HB2022	1527591	2025-03-26	conference_report	88	35	candidate:batch-03	survived the title-versus-act check; awaits a reading of the enacted act	House Conference Committee Report was adopted	Requiring special elections be held on the first Tuesday after the first Monday in March or on the same day as a primary or general election.
HB2027	1486110	2025-02-11	passage	88	35	candidate:batch-03	survived the title-versus-act check; awaits a reading of the enacted act	House Emergency Final Action - Passed as amended	Reorganizing subsections of the public assistance statute.
HB2033	1494873	2025-02-20	passage	89	32	not-selected	filter 4 keeps one roll per measure per chamber; the chosen roll is in batch-01	House Final Action - Passed	Including programs and services provided by nonprofit organizations accredited by the international multisensory structured language education council as approved at-risk educational programs.
HB2033	1543277	2025-04-10	veto_override	87	38	batch-01	imported	House Motion to override veto prevailed	Including programs and services provided by nonprofit organizations accredited by the international multisensory structured language education council as approved at-risk educational programs.
HB2042	1671672	2026-03-26	conference_report	69	52	candidate:batch-03	survived the title-versus-act check; awaits a reading of the enacted act	House Conference Committee Report was adopted	Authorizing the adoption of certain rules and regulations related to hazardous waste monitoring and permit application fees by the Kansas department of health and environment.
HB2054	1504339	2025-03-04	passage	77	46	not-selected	filter 4 keeps one roll per measure per chamber; the chosen roll is in batch-01	House Final Action - Passed as amended	Senate Substitute for HB 2054 by Committee on Federal and State Affairs - Increasing the limits on certain campaign contributions under the campaign finance act.
HB2054	1529499	2025-03-27	conference_report	72	52	batch-01	imported	House Conference Committee Report was adopted	Senate Substitute for HB 2054 by Committee on Federal and State Affairs - Increasing the limits on certain campaign contributions under the campaign finance act.
HB2056	1529141	2025-03-27	conference_report	88	37	candidate:batch-03	survived the title-versus-act check; awaits a reading of the enacted act	House Conference Committee Report was adopted	Senate Substitute for HB 2056- Requiring specific intent as an element of the crime of false representation of an election official; requiring that any person nominated for an elected office accept such nomination by signing a notarized statement of acceptance and restricting the number of nominations a person may accept to one nomination per election cycle.
HB2060	1526725	2025-03-25	concurrence	75	47	candidate:batch-03	survived the title-versus-act check; awaits a reading of the enacted act	House Concurred with amendments in conference	Senate Substitute for Substitute for HB 2060 by Committee on Local Government, Transparency and Ethics - Providing for the treatment of the reimbursement for expenses incurred for travel and activities in attending conferences or events by certain specified nonprofit organizations and discounted or free access to entertainment, sporting events or other activities.
HB2062	1493179	2025-02-19	passage	85	34	not-selected	filter 4 keeps one roll per measure per chamber; the chosen roll is in batch-01	House Final Action - Passed as amended	Providing for child support orders for unborn children from the date of conception, including the direct medical and pregnancy-related expenses of the mother as a factor in child support orders and providing for an income tax exemption for unborn and stillborn children, requiring courts to consider the value of retirement accounts in certain circumstances, authorizing payment from certain retirement accounts to pay child support arrearages and eliminating the exemption of pension and retirement moneys from claims to fulfill child support obligations.
HB2062	1529155	2025-03-27	conference_report	87	38	not-selected	filter 4 keeps one roll per measure per chamber; the chosen roll is in batch-01	House Conference Committee Report was adopted	Providing for child support orders for unborn children from the date of conception, including the direct medical and pregnancy-related expenses of the mother as a factor in child support orders and providing for an income tax exemption for unborn and stillborn children, requiring courts to consider the value of retirement accounts in certain circumstances, authorizing payment from certain retirement accounts to pay child support arrearages and eliminating the exemption of pension and retirement moneys from claims to fulfill child support obligations.
HB2062	1543283	2025-04-10	veto_override	87	38	batch-01	imported	House Motion to override veto prevailed	Providing for child support orders for unborn children from the date of conception, including the direct medical and pregnancy-related expenses of the mother as a factor in child support orders and providing for an income tax exemption for unborn and stillborn children, requiring courts to consider the value of retirement accounts in certain circumstances, authorizing payment from certain retirement accounts to pay child support arrearages and eliminating the exemption of pension and retirement moneys from claims to fulfill child support obligations.
HB2088	1494661	2025-02-20	passage	82	39	not-selected	filter 4 keeps one roll per measure per chamber	House Final Action - Passed as amended	Requiring local governments to meet specified deadlines for issuing building permits and requiring the department of health and environment to issue a response to an applicant's submitted notice of intent to discharge stormwater runoff from construction activities within 45 days of submission.
HB2088	1527278	2025-03-26	concurrence	83	40	batch-02	imported	House Concurred with amendments in conference	Requiring local governments to meet specified deadlines for issuing building permits and requiring the department of health and environment to issue a response to an applicant's submitted notice of intent to discharge stormwater runoff from construction activities within 45 days of submission.
HB2101	1495761	2025-02-20	passage	86	37	batch-01	imported	House Emergency Final Action - Passed as amended	Prohibiting municipalities from adopting and implementing a guaranteed income program.
HB2106	1490405	2025-02-14	passage	94	25	batch-02	imported	House Emergency Final Action - Passed as amended	Banning contributions from foreign nationals for the support or defeat of a proposed amendment to the Kansas constitution.
HB2109	1490460	2025-02-14	passage	78	40	not-selected	filter 4 keeps one roll per measure per chamber; the chosen roll is in batch-01	House Final Action - Passed	Exempting public utilities from civil liability relating to the attachment, access, operation, maintenance or removal of law enforcement equipment on any utility pole or other structure that is owned or operated by the public utility.
HB2109	1524944	2025-03-24	concurrence	78	44	batch-01	imported	House Concurred with amendments	Exempting public utilities from civil liability relating to the attachment, access, operation, maintenance or removal of law enforcement equipment on any utility pole or other structure that is owned or operated by the public utility.
HB2124	1670086	2026-03-25	conference_report	89	35	candidate:batch-03	survived the title-versus-act check; awaits a reading of the enacted act	House Conference Committee Report was adopted	Providing cities the authority to allow the driving of golf carts upon sidewalks and permitting local authorities with jurisdiction over city residence districts to reduce the maximum speed limit from 30 miles per hour to 25 miles per hour without an engineering and traffic investigation.
HB2155	1529229	2025-03-27	concurrence	84	40	candidate:batch-03	survived the title-versus-act check; awaits a reading of the enacted act	House Concurred with amendments in conference	Specifying that sheriffs have liability for official acts related to charge and custody of jails.
HB2158	1493130	2025-02-19	passage	85	34	superseded	the chamber's last kept vote (2026-03-24, 110-11) was not divided	House Final Action - Passed as amended	Permitting beekeepers who meet certain requirements to sell packaged honey and honeycombs without holding a food establishment or food processing plant license under the Kansas food, drug and cosmetic act.
HB2169	1529576	2025-03-27	conference_report	92	32	candidate:batch-03	survived the title-versus-act check; awaits a reading of the enacted act	House Conference Committee Report was adopted	Providing for an exemption from remediation costs or other liability from prior commercial pesticide application by the United States army for owners of certain nonresidential property located in Johnson county.
HB2183	1615920	2026-01-22	conference_report	83	39	dropped	"VEHICLE-BILL SWAP: the worklist title says sexual exploitation of a child, but the enrolled HB 2183 is ""concerning state agencies; relating to interpretation of statutes"" - a bar on courts deferring to an agency reading of its own rules. Needs a check of which text the conference-report roll actually voted."	House Conference Committee Report was adopted	Modifying elements in the crimes of sexual exploitation of a child, unlawful transmission of a visual depiction of a child and breach of privacy to prohibit certain acts related to visual depictions in which the person depicted is indistinguishable from a real child, morphed from a real child's image or generated without any actual child involvement, provide an exception for cable services in the crime of breach of privacy and prohibit dissemination of certain items that appear to depict or purport to depict an identifiable person.
HB2206	1489975	2025-02-14	passage	74	45	not-selected	filter 4 keeps one roll per measure per chamber	House Emergency Final Action - Passed as amended	Renaming the Kansas governmental ethics commission to the Kansas public disclosure commission, defining terms in the campaign finance act, requiring the filing of statements of independent expenditures, prohibiting agreements requiring contributions in the name of another and requiring the termination of unused campaign finance accounts.
HB2206	1525003	2025-03-24	concurrence	78	44	candidate:batch-03	survived the title-versus-act check; awaits a reading of the enacted act	House Concurred with amendments	Renaming the Kansas governmental ethics commission to the Kansas public disclosure commission, defining terms in the campaign finance act, requiring the filing of statements of independent expenditures, prohibiting agreements requiring contributions in the name of another and requiring the termination of unused campaign finance accounts.
HB2217	1515676	2025-03-12	passage	85	37	not-selected	filter 4 keeps one roll per measure per chamber	House Final Action - Passed as amended	Expanding the scope of the inspector general to audit and investigate all state cash, food or health assistance programs and granting the inspector general the power to subpoena, administer oaths and execute search warrants thereto.
HB2217	1543783	2025-04-10	veto_override	87	38	batch-02	imported	House Motion to override veto prevailed	Expanding the scope of the inspector general to audit and investigate all state cash, food or health assistance programs and granting the inspector general the power to subpoena, administer oaths and execute search warrants thereto.
HB2240	1495930	2025-02-20	passage	89	34	not-selected	filter 4 keeps one roll per measure per chamber	House Emergency Final Action - Passed as amended	Senate Substitute for HB 2240 by Committee on Government Efficiency - Requiring legislative approval prior to any state agency seeking or implementing a public assistance program waiver or other authorization from the federal government that expands eligibility for any public assistance program, increases cost to the state or makes certain changes in services for persons with intellectual or developmental disabilities and authorizing the legislative coordinating council to act on agency requests when the legislature is not in session.
HB2240	1529070	2025-03-27	conference_report	90	35	not-selected	filter 4 keeps one roll per measure per chamber	House Conference Committee Report was adopted	Senate Substitute for HB 2240 by Committee on Government Efficiency - Requiring legislative approval prior to any state agency seeking or implementing a public assistance program waiver or other authorization from the federal government that expands eligibility for any public assistance program, increases cost to the state or makes certain changes in services for persons with intellectual or developmental disabilities and authorizing the legislative coordinating council to act on agency requests when the legislature is not in session.
HB2240	1543581	2025-04-10	veto_override	87	38	held	LegiScan tally contradicts the Kansas bill history; see CODE-FINDINGS.md finding 5	House Motion to override veto prevailed	Senate Substitute for HB 2240 by Committee on Government Efficiency - Requiring legislative approval prior to any state agency seeking or implementing a public assistance program waiver or other authorization from the federal government that expands eligibility for any public assistance program, increases cost to the state or makes certain changes in services for persons with intellectual or developmental disabilities and authorizing the legislative coordinating council to act on agency requests when the legislature is not in session.
HB2284	1543521	2025-04-10	veto_override	88	37	candidate:batch-03	survived the title-versus-act check; awaits a reading of the enacted act	House Motion to override veto prevailed	Directing the department of administration to adopt written policies governing the negotiated procurement of managed care organizations to provide state medicaid services pursuant to a contract with the Kansas program of medical assistance.
HB2291	1501206	2025-02-27	passage	90	28	not-selected	filter 4 keeps one roll per measure per chamber	House Final Action - Passed as amended	Creating the regulatory relief division within the office of the attorney general and establishing the general regulatory sandbox program to waive or suspend rules and regulations for program participants.
HB2291	1543250	2025-04-10	veto_override	88	37	candidate:batch-03	survived the title-versus-act check; awaits a reading of the enacted act	House Motion to override veto prevailed	Creating the regulatory relief division within the office of the attorney general and establishing the general regulatory sandbox program to waive or suspend rules and regulations for program participants.
HB2299	1658764	2026-03-10	concurrence	84	39	candidate:batch-03	survived the title-versus-act check; awaits a reading of the enacted act	House Concurred with amendments	Senate Substitute for Substitute for HB2299 by Committee on Education - Providing that certain statutory references to accredited nonpublic schools mean nonpublic schools accredited by the state board of education, requiring that schools accredited by a national or regional accrediting agency shall have the same rights as schools accredited by the state board, requiring school districts and accredited nonpublic schools to prohibit the use of personal electronic communication devices during the school day and prohibiting employees of a school district from using social media to communicate with students for official school purposes.
HB2304	1495388	2025-02-20	passage	97	26	not-selected	filter 4 keeps one roll per measure per chamber	House Emergency Final Action - Passed as amended	Requiring local governments to report certain local economic development incentive program information to the secretary of commerce, defining such programs, requiring the secretary of commerce to post such information on the economic development incentive program database maintained by the secretary and requiring certain search result presentation and report formats.
HB2304	1525875	2025-03-25	concurrence	88	37	batch-02	imported	House Concurred with amendments	Requiring local governments to report certain local economic development incentive program information to the secretary of commerce, defining such programs, requiring the secretary of commerce to post such information on the economic development incentive program database maintained by the secretary and requiring certain search result presentation and report formats.
HB2311	1495038	2025-02-20	passage	86	37	not-selected	filter 4 keeps one roll per measure per chamber	House Final Action - Passed as amended	Prohibiting the secretary from adopting and enforcing policies for placement, custody and appointment of a custodian that may conflict with sincerely held religious or moral beliefs regarding sexual orientation or gender identity and creating a right of action for violations.
HB2311	1525229	2025-03-24	concurrence	84	38	not-selected	filter 4 keeps one roll per measure per chamber	House Concurred with amendments	Prohibiting the secretary from adopting and enforcing policies for placement, custody and appointment of a custodian that may conflict with sincerely held religious or moral beliefs regarding sexual orientation or gender identity and creating a right of action for violations.
HB2311	1543820	2025-04-10	veto_override	87	38	candidate:batch-03	survived the title-versus-act check; awaits a reading of the enacted act	House Motion to override veto prevailed	Prohibiting the secretary from adopting and enforcing policies for placement, custody and appointment of a custodian that may conflict with sincerely held religious or moral beliefs regarding sexual orientation or gender identity and creating a right of action for violations.
HB2313	1508475	2025-03-07	passage	95	27	not-selected	filter 4 keeps one roll per measure per chamber	House Final Action - Passed as amended	Senate Substitute for HB 2313 by Committee on Federal and State Affairs - Prohibiting the use of the artificial intelligence platform DeepSeek and other artificial intelligence platforms controlled by a country of concern on state-owned devices and on any state network and the use of genetic sequencers or operational software used for genetic analysis that is produced in a foreign adversary.
HB2313	1529280	2025-03-27	concurrence	87	38	candidate:batch-03	survived the title-versus-act check; awaits a reading of the enacted act	House Concurred with amendments in conference	Senate Substitute for HB 2313 by Committee on Federal and State Affairs - Prohibiting the use of the artificial intelligence platform DeepSeek and other artificial intelligence platforms controlled by a country of concern on state-owned devices and on any state network and the use of genetic sequencers or operational software used for genetic analysis that is produced in a foreign adversary.
HB2329	1671492	2026-03-26	conference_report	89	32	not-selected	filter 4 keeps one roll per measure per chamber	House Conference Committee Report was adopted	Changing the name of juvenile crisis intervention centers to juvenile stabilization centers, modifying the intake criteria for such centers, prohibiting certain rules and regulations for such centers, modifying the treatment and services provided by such centers, increasing the cumulative detention limit for juvenile offenders and criminal penalties for juvenile offenders who use a firearm in the commission of an offense or who are repeat offenders, providing for increased placement of offenders in non-foster home beds in youth residential facilities, requiring the secretary of corrections to pay for the costs associated with such placements, authorizing the secretary to make expenditures from the evidence-based programs account of the state general fund moneys to contract for such beds and transferring moneys from such account of the state general fund to the department for children and families to provide juvenile stabilization services.
HB2329	1679916	2026-04-09	veto_override	89	34	candidate:batch-03	survived the title-versus-act check; awaits a reading of the enacted act	House Motion to override veto prevailed	Changing the name of juvenile crisis intervention centers to juvenile stabilization centers, modifying the intake criteria for such centers, prohibiting certain rules and regulations for such centers, modifying the treatment and services provided by such centers, increasing the cumulative detention limit for juvenile offenders and criminal penalties for juvenile offenders who use a firearm in the commission of an offense or who are repeat offenders, providing for increased placement of offenders in non-foster home beds in youth residential facilities, requiring the secretary of corrections to pay for the costs associated with such placements, authorizing the secretary to make expenditures from the evidence-based programs account of the state general fund moneys to contract for such beds and transferring moneys from such account of the state general fund to the department for children and families to provide juvenile stabilization services.
HB2333	1672008	2026-03-27	conference_report	85	39	not-selected	filter 4 keeps one roll per measure per chamber	House Conference Committee Report was adopted	Enacting the Kansas intellectual rights and knowledge act, providing a civil cause of action and penalties for violations of such act and authorizing students and student associations to exercise political and ideological beliefs, values and missions.
HB2333	1679897	2026-04-09	veto_override	85	38	candidate:batch-03	survived the title-versus-act check; awaits a reading of the enacted act	House Motion to override veto prevailed	Enacting the Kansas intellectual rights and knowledge act, providing a civil cause of action and penalties for violations of such act and authorizing students and student associations to exercise political and ideological beliefs, values and missions.
HB2359	1495638	2025-02-20	passage	89	34	candidate:batch-03	survived the title-versus-act check; awaits a reading of the enacted act	House Emergency Final Action - Passed as amended	Enacting the uniform adult guardianship and protective proceedings jurisdiction act and the uniform guardianship, conservatorship and other protective arrangements act.
HB2365	1671841	2026-03-27	conference_report	76	49	candidate:batch-03	survived the title-versus-act check; awaits a reading of the enacted act	House Conference Committee Report was adopted	Adding and removing certain substances in schedules I, III and IV of the uniform controlled substances act and making conforming changes to the criminal code definition of fentanyl-related controlled substances.
HB2372	1671765	2026-03-27	conference_report	85	39	not-selected	filter 4 keeps one roll per measure per chamber	House Conference Committee Report was adopted	Creating the crime of unlawful approach of a first responder and providing penalties therefore, requiring traffic laws that apply to local and state law enforcement to apply to federal law enforcement; including federal law enforcement in the definitions used in the crime of interference with law enforcement; including buildings owned by the United States in the crime of interference with the conduct of public business of public buildings; including enforcement of federal laws and executive orders in the exceptions from liability in the tort claims act, relating to the enforcement of detainers issued by the United States immigration and customs enforcement by a county sheriff operating a county jail; requiring municipal insurance pools to provide coverage of law enforcement agencies enforcing federal law; requiring the state to pay certain judgements in federal civil actions and provide legal representation by the attorney general, exempting section 287(g) federal immigration agreements from certain provisions of the interlocal cooperation act.
HB2372	1680028	2026-04-09	veto_override	85	38	dropped	the title names one of fourteen sections. The act is mostly federal immigration enforcement: authority to hold people on ICE detainers, state indemnity and immunity for 287(g) officers, a sheriff signing a 287(g) agreement without county commission approval, and tort immunity for enforcing federal law or executive orders. The new first-responder crime is a separate subject.	House Motion to override veto prevailed	Creating the crime of unlawful approach of a first responder and providing penalties therefore, requiring traffic laws that apply to local and state law enforcement to apply to federal law enforcement; including federal law enforcement in the definitions used in the crime of interference with law enforcement; including buildings owned by the United States in the crime of interference with the conduct of public business of public buildings; including enforcement of federal laws and executive orders in the exceptions from liability in the tort claims act, relating to the enforcement of detainers issued by the United States immigration and customs enforcement by a county sheriff operating a county jail; requiring municipal insurance pools to provide coverage of law enforcement agencies enforcing federal law; requiring the state to pay certain judgements in federal civil actions and provide legal representation by the attorney general, exempting section 287(g) federal immigration agreements from certain provisions of the interlocal cooperation act.
HB2382	1529569	2025-03-27	conference_report	84	40	not-selected	filter 4 keeps one roll per measure per chamber; the chosen roll is in batch-01	House Conference Committee Report was adopted	Senate Substitute for HB 2382 by Committee on Education - Requiring school districts to include a fetal development presentation as part of the curriculum for any course that addresses human growth, human development or human sexuality and authorizing the state board of education to establish the rate of compensation for members of the board.
HB2382	1543322	2025-04-10	veto_override	84	41	batch-01	imported	House Motion to override veto prevailed	Senate Substitute for HB 2382 by Committee on Education - Requiring school districts to include a fetal development presentation as part of the curriculum for any course that addresses human growth, human development or human sexuality and authorizing the state board of education to establish the rate of compensation for members of the board.
HB2402	1672103	2026-03-27	conference_report	91	33	candidate:batch-03	survived the title-versus-act check; awaits a reading of the enacted act	House Conference Committee Report was adopted	Senate Substitute for HB 2402 by Committee on Education - Requiring eligible boards of education to consider participation in the community eligibility provision, providing a financial hardship exception to such participation, requiring the state department of education to assist school districts seeking such participation, extending the application deadline for authorization to operate as a public innovative district from December 1 to May 1 and deeming such applications approved if not approved or denied within 45 days of submission.
HB2437	1636492	2026-02-18	passage	85	39	not-selected	filter 4 keeps one roll per measure per chamber; the chosen roll is in batch-01	House Final Action - Passed as amended	Establishing the save Kansas act, authorizing the use of additional resources for verifying voter registration records, imposing restrictions on websites that can accept and transmit voter registration applications, removing individuals disqualified for voting from such records and providing an open records request exemption for certain information related to such records.
HB2437	1671404	2026-03-26	conference_report	80	43	not-selected	filter 4 keeps one roll per measure per chamber; the chosen roll is in batch-01	House Conference Committee Report was adopted	Establishing the save Kansas act, authorizing the use of additional resources for verifying voter registration records, imposing restrictions on websites that can accept and transmit voter registration applications, removing individuals disqualified for voting from such records and providing an open records request exemption for certain information related to such records.
HB2437	1679846	2026-04-09	veto_override	84	39	batch-01	imported	House Motion to override veto prevailed	Establishing the save Kansas act, authorizing the use of additional resources for verifying voter registration records, imposing restrictions on websites that can accept and transmit voter registration applications, removing individuals disqualified for voting from such records and providing an open records request exemption for certain information related to such records.
HB2444	1636734	2026-02-18	passage	88	36	not-selected	filter 4 keeps one roll per measure per chamber	House Final Action - Passed as amended	Providing that jail credit when consecutive sentences are imposed shall not apply to more than one case, creating special sentencing rules when a felony is committed by certain offenders while on probation, parole or postrelease supervision for a prior felony and requiring secured minimum bonds for certain defendants who commit a new felony while on probation, parole, postrelease supervision or bond for a prior felony unless the court makes certain findings.
HB2444	1667863	2026-03-23	concurrence	85	37	candidate:batch-03	survived the title-versus-act check; awaits a reading of the enacted act	House Concurred with amendments	Providing that jail credit when consecutive sentences are imposed shall not apply to more than one case, creating special sentencing rules when a felony is committed by certain offenders while on probation, parole or postrelease supervision for a prior felony and requiring secured minimum bonds for certain defendants who commit a new felony while on probation, parole, postrelease supervision or bond for a prior felony unless the court makes certain findings.
HB2464	1623015	2026-02-04	passage	81	39	not-selected	filter 4 keeps one roll per measure per chamber	House Final Action - Passed	Extending the number of years that tax credits may be issued or earned for contributions to graduates of aerospace and aviation-related educational programs and employers of program graduates, the tax credits for contributions to the Eisenhower foundation and friends of cedar crest association and the sunset for the angel investor tax credit and providing for a minimum amount of such credits for investments in counties with a population of 50,000 or fewer.
HB2464	1670733	2026-03-26	conference_report	98	26	candidate:batch-03	survived the title-versus-act check; awaits a reading of the enacted act	House Conference Committee Report was adopted	Extending the number of years that tax credits may be issued or earned for contributions to graduates of aerospace and aviation-related educational programs and employers of program graduates, the tax credits for contributions to the Eisenhower foundation and friends of cedar crest association and the sunset for the angel investor tax credit and providing for a minimum amount of such credits for investments in counties with a population of 50,000 or fewer.
HB2466	1630371	2026-02-11	passage	93	28	not-selected	filter 4 keeps one roll per measure per chamber	House Final Action - Passed	Enacting the Kansas sports authority act, authorizing STAR bond projects in major amusement park areas and extending the expiration date of the STAR bonds financing act.
HB2466	1671994	2026-03-27	conference_report	78	44	candidate:batch-03	survived the title-versus-act check; awaits a reading of the enacted act	House Conference Committee Report was adopted	Enacting the Kansas sports authority act, authorizing STAR bond projects in major amusement park areas and extending the expiration date of the STAR bonds financing act.
HB2481	1670963	2026-03-26	conference_report	86	39	candidate:batch-03	survived the title-versus-act check; awaits a reading of the enacted act	House Conference Committee Report was adopted	During the period of the FIFA 2026 world cup, prohibiting certain limitations by municipalities on short-term rental or vacation properties and requiring timely rental permit processing, modifying the definition of transient guest for transient guest tax purposes and authorizing expanded sales of alcoholic beverages by cities and counties.
HB2497	1636776	2026-02-18	passage	87	37	not-selected	filter 4 keeps one roll per measure per chamber	House Final Action - Passed	Prohibiting the assessment of a prepayment penalty against any party more than six months after the execution of a note evidencing a home loan made primarily for personal, family or household purposes secured by a real estate mortgage.
HB2497	1670880	2026-03-26	conference_report	74	51	dropped	"restates the home-loan prepayment penalty ban so it expressly covers loans made primarily for personal, family or household purposes; whether that broadens or narrows the old ""any home loan"" wording cannot be determined from the extracted text"	House Conference Committee Report was adopted	Prohibiting the assessment of a prepayment penalty against any party more than six months after the execution of a note evidencing a home loan made primarily for personal, family or household purposes secured by a real estate mortgage.
HB2509	1638144	2026-02-19	passage	89	33	not-selected	filter 4 keeps one roll per measure per chamber	House Final Action - Passed as amended	Allowing licensed physical therapists to perform certain capillary blood tests, adding advanced practice registered nurse to the definition of healthcare provider for purposes of the healthcare provider insurance availability act, adding an advanced practice registered nurse position to the board of governors of the healthcare stabilization fund and requiring advance practice registered nurses to maintain professional liability insurance as a condition of active licensure.
HB2509	1671799	2026-03-27	conference_report	92	33	candidate:batch-03	survived the title-versus-act check; awaits a reading of the enacted act	House Conference Committee Report was adopted	Allowing licensed physical therapists to perform certain capillary blood tests, adding advanced practice registered nurse to the definition of healthcare provider for purposes of the healthcare provider insurance availability act, adding an advanced practice registered nurse position to the board of governors of the healthcare stabilization fund and requiring advance practice registered nurses to maintain professional liability insurance as a condition of active licensure.
HB2513	1671553	2026-03-26	conference_report	67	53	candidate:batch-03	survived the title-versus-act check; awaits a reading of the enacted act	House Conference Committee Report was adopted	Making and concerning supplemental appropriations for fiscal year 2026 and appropriations for fiscal years 2027, 2028, 2029 and 2030 for various state agencies, authorizing certain capital improvement projects and fees, authorizing certain transfers.
HB2520	1638101	2026-02-19	passage	90	32	candidate:batch-03	survived the title-versus-act check; awaits a reading of the enacted act	House Final Action - Passed as amended	Increasing the number of allowed residents in a home plus facility from 12 to 16.
HB2521	1638123	2026-02-19	passage	84	38	not-selected	filter 4 keeps one roll per measure per chamber	House Final Action - Passed as amended	Expanding the Kansas tort claims act to include child placement agencies that contract with the secretary for children and families.
HB2521	1672166	2026-03-27	conference_report	83	38	not-selected	filter 4 keeps one roll per measure per chamber	House Conference Committee Report was adopted	Expanding the Kansas tort claims act to include child placement agencies that contract with the secretary for children and families.
HB2521	1680037	2026-04-09	veto_override	87	36	candidate:batch-03	survived the title-versus-act check; awaits a reading of the enacted act	House Motion to override veto prevailed	Expanding the Kansas tort claims act to include child placement agencies that contract with the secretary for children and families.
HB2528	1638303	2026-02-19	passage	88	34	not-selected	filter 4 keeps one roll per measure per chamber	House Final Action - Passed as amended	Requiring all state board of nursing actions related to certain nonpractice violations be void, allowing for late license renewal for professional, practical and advanced practice registered nurses, setting fees for late license renewal, limiting unprofessional conduct to acts related to the practice of nursing, prohibiting the board from taking retaliatory action against a licensee based on certain lawful actions and creating a civil cause of action for violation thereof, requiring termination of current board members on January 1, 2027 and requiring the governor to appoint interim board members subject to senate confirmation and requiring the board to issue refunds for overpayment or duplicate payment.
HB2528	1671135	2026-03-26	conference_report	87	38	candidate:batch-03	survived the title-versus-act check; awaits a reading of the enacted act	House Conference Committee Report was adopted	Requiring all state board of nursing actions related to certain nonpractice violations be void, allowing for late license renewal for professional, practical and advanced practice registered nurses, setting fees for late license renewal, limiting unprofessional conduct to acts related to the practice of nursing, prohibiting the board from taking retaliatory action against a licensee based on certain lawful actions and creating a civil cause of action for violation thereof, requiring termination of current board members on January 1, 2027 and requiring the governor to appoint interim board members subject to senate confirmation and requiring the board to issue refunds for overpayment or duplicate payment.
HB2539	1638138	2026-02-19	passage	96	26	not-selected	filter 4 keeps one roll per measure per chamber	House Final Action - Passed as amended	Authorizing library boards to change from being appointed members to elected members and requiring that the members of the Eudora community library district board of directors be elected to such positions.
HB2539	1669110	2026-03-24	concurrence	89	34	candidate:batch-03	survived the title-versus-act check; awaits a reading of the enacted act	House Concurred with amendments in conference	Authorizing library boards to change from being appointed members to elected members and requiring that the members of the Eudora community library district board of directors be elected to such positions.
HB2593	1638146	2026-02-19	passage	77	45	not-selected	filter 4 keeps one roll per measure per chamber	House Final Action - Passed as amended	Requiring that a political subdivision hold an open meeting to discuss a contingency fee contract for legal services before approving such contract and requiring the attorney general to approve such contracts.
HB2593	1671542	2026-03-26	concurrence	79	40	not-selected	filter 4 keeps one roll per measure per chamber	House Concurred with amendments in conference	Requiring that a political subdivision hold an open meeting to discuss a contingency fee contract for legal services before approving such contract and requiring the attorney general to approve such contracts.
HB2593	1679834	2026-04-09	veto_override	85	38	batch-02	imported	House Motion to override veto prevailed	Requiring that a political subdivision hold an open meeting to discuss a contingency fee contract for legal services before approving such contract and requiring the attorney general to approve such contracts.
HB2596	1638437	2026-02-19	passage	96	26	superseded	the chamber's last kept vote (2026-03-26, 111-10) was not divided	House Final Action - Passed as amended	Permitting the secretary of corrections to enter into certain contracts for the production of manufactured or modular homes for a pilot program at the Hutchinson correctional facility under the prison-made goods act.
HB2603	1636895	2026-02-18	passage	86	38	not-selected	filter 4 keeps one roll per measure per chamber	House Final Action - Passed	Prohibiting regulation of battery-charged security fences by municipalities.
HB2603	1679921	2026-04-09	veto_override	85	38	candidate:batch-03	survived the title-versus-act check; awaits a reading of the enacted act	House Motion to override veto prevailed	Prohibiting regulation of battery-charged security fences by municipalities.
HB2613	1671912	2026-03-27	concurrence	96	27	candidate:batch-03	survived the title-versus-act check; awaits a reading of the enacted act	House Concurred with amendments in conference	Providing for the crime victims compensation board to establish fees chargeable for conducting examinations of persons who may be victims of sexual assault, authorizing the board to adopt rules and regulations to administer such fees and to use moneys in the crime victims compensation fund for the payment of such fees and allowing certain exceptions to the confidentiality of records and information given to the board.
HB2635	1637261	2026-02-18	passage	87	37	not-selected	filter 4 keeps one roll per measure per chamber	House Final Action - Passed	Enacting the pregnancy center autonomy and rights of expression act to protect the ability of private pregnancy centers to provide life-affirming care.
HB2635	1671987	2026-03-27	veto_override	87	35	candidate:batch-03	survived the title-versus-act check; awaits a reading of the enacted act	House Motion to override veto prevailed	Enacting the pregnancy center autonomy and rights of expression act to protect the ability of private pregnancy centers to provide life-affirming care.
HB2652	1638816	2026-02-19	passage	80	36	not-selected	filter 4 keeps one roll per measure per chamber	House Emergency Final Action - Passed	Requiring the clerk of the appellate courts to publish monthly a list of cases of the supreme court and court of appeals in which a decision has not been entered and filed within six months of submission and a list of cases in which a petition for review has not been granted or denied within six months of submission.
HB2652	1671509	2026-03-26	concurrence	83	36	dropped	the title advertises only the addition. The act REPLACES the district court 120-day decision deadline machinery in K.S.A. 20-3301(a) with a monthly publication duty for overdue appellate cases. Removing a district-court accountability tool and adding appellate transparency are opposite directions of comparable weight.	House Concurred with amendments in conference	Requiring the clerk of the appellate courts to publish monthly a list of cases of the supreme court and court of appeals in which a decision has not been entered and filed within six months of submission and a list of cases in which a petition for review has not been granted or denied within six months of submission.
HB2719	1679879	2026-04-09	veto_override	89	34	candidate:batch-03	survived the title-versus-act check; awaits a reading of the enacted act	House Motion to override veto prevailed	Providing an exception to the rules and regulations filing act for technical amendments, creating a process for certain rules and regulations to receive priority status in the adoption process, removing references to revival of rules and regulations, clarifying that the department of the budget is not required to approve proposed rules and regulations mandated by the federal government, adding references to department of corrections rules and regulations that are not subject to the act and requiring an agency submit a proposed rule and regulation to the joint committee on administrative rules and regulations prior to presentation of a bill to the legislature for ratification.
HB2727	1636768	2026-02-18	passage	87	37	not-selected	filter 4 keeps one roll per measure per chamber	House Final Action - Passed	Providing for the plaintiff to elect to limit recovery in claims brought for violations of the woman's-right-to-know act and making the laws providing for medical malpractice screening inapplicable when such election is made.
HB2727	1679992	2026-04-09	veto_override	87	36	candidate:batch-03	survived the title-versus-act check; awaits a reading of the enacted act	House Motion to override veto prevailed	Providing for the plaintiff to elect to limit recovery in claims brought for violations of the woman's-right-to-know act and making the laws providing for medical malpractice screening inapplicable when such election is made.
HB2729	1636676	2026-02-18	passage	87	37	not-selected	filter 4 keeps one roll per measure per chamber	House Final Action - Passed	Requiring the Kansas department of health and environment to provide forms and notices to physicians pursuant to the woman's-right-to know act.
HB2729	1679936	2026-04-09	veto_override	87	36	candidate:batch-03	survived the title-versus-act check; awaits a reading of the enacted act	House Motion to override veto prevailed	Requiring the Kansas department of health and environment to provide forms and notices to physicians pursuant to the woman's-right-to know act.
HB2731	1638647	2026-02-19	passage	85	37	not-selected	filter 4 keeps one roll per measure per chamber	House Final Action - Substitute passed	Requiring the department of health and environment in coordination with the Kansas department for aging and disability services to seek federal approval to establish continuous medicaid eligibility for certain individuals with intellectual or developmental disabilities who are receiving services through a home and community based services waiver, requiring the secretary for children and families and the secretary of health and environment to enter into data-matching agreements with state agencies to verify eligibility for food and medical assistance, directing the department of health and environment to submit certain data to the centers for medicare and medicaid services, prohibiting certain public assistance program waivers or exemptions without legislative approval, prohibiting self-attestation for purposes of determining eligibility for public assistance programs, limiting retroactive enrollment in the medical assistance program, increasing the age limit for able-bodied adults without certain dependents and prohibiting certain exemptions from work requirements under the food assistance program.
HB2731	1671922	2026-03-27	conference_report	80	43	not-selected	filter 4 keeps one roll per measure per chamber	House Conference Committee Report was adopted	Requiring the department of health and environment in coordination with the Kansas department for aging and disability services to seek federal approval to establish continuous medicaid eligibility for certain individuals with intellectual or developmental disabilities who are receiving services through a home and community based services waiver, requiring the secretary for children and families and the secretary of health and environment to enter into data-matching agreements with state agencies to verify eligibility for food and medical assistance, directing the department of health and environment to submit certain data to the centers for medicare and medicaid services, prohibiting certain public assistance program waivers or exemptions without legislative approval, prohibiting self-attestation for purposes of determining eligibility for public assistance programs, limiting retroactive enrollment in the medical assistance program, increasing the age limit for able-bodied adults without certain dependents and prohibiting certain exemptions from work requirements under the food assistance program.
HB2731	1680300	2026-04-10	veto_override	84	39	candidate:batch-03	survived the title-versus-act check; awaits a reading of the enacted act	House Motion to override veto prevailed	Requiring the department of health and environment in coordination with the Kansas department for aging and disability services to seek federal approval to establish continuous medicaid eligibility for certain individuals with intellectual or developmental disabilities who are receiving services through a home and community based services waiver, requiring the secretary for children and families and the secretary of health and environment to enter into data-matching agreements with state agencies to verify eligibility for food and medical assistance, directing the department of health and environment to submit certain data to the centers for medicare and medicaid services, prohibiting certain public assistance program waivers or exemptions without legislative approval, prohibiting self-attestation for purposes of determining eligibility for public assistance programs, limiting retroactive enrollment in the medical assistance program, increasing the age limit for able-bodied adults without certain dependents and prohibiting certain exemptions from work requirements under the food assistance program.
HB2769	1661599	2026-03-12	passage	94	25	candidate:batch-03	survived the title-versus-act check; awaits a reading of the enacted act	House Final Action - Passed as amended	Requiring members of governing bodies of subordinate service taxing areas to be residents of such taxing areas.
SB4	1501231	2025-02-27	passage	80	39	not-selected	filter 4 keeps one roll per measure per chamber; the chosen roll is in batch-01	House Emergency Final Action - Passed as amended	Requiring the return of advance voting ballots by 7:00 p.m. on the day of the election.
SB4	1526411	2025-03-25	veto_override	84	41	batch-01	imported	House Motion to override veto prevailed	Requiring the return of advance voting ballots by 7:00 p.m. on the day of the election.
SB5	1517379	2025-03-13	passage	86	37	not-selected	filter 4 keeps one roll per measure per chamber	House Emergency Final Action - Passed as amended	Prohibiting the use of funds provided by the United States government for the conduct of elections and election-related activities unless approved by the legislature.
SB5	1543779	2025-04-10	veto_override	87	37	candidate:batch-03	survived the title-versus-act check; awaits a reading of the enacted act	House Motion to override veto prevailed	Prohibiting the use of funds provided by the United States government for the conduct of elections and election-related activities unless approved by the legislature.
SB6	1517375	2025-03-13	passage	86	37	candidate:batch-03	survived the title-versus-act check; awaits a reading of the enacted act	House Emergency Final Action - Passed as amended	Prohibiting the use of ranked-choice voting methods for conducting elections.
SB14	1513331	2025-03-11	passage	82	41	not-selected	filter 4 keeps one roll per measure per chamber	House Final Action - Passed as amended	Providing for continuous state budgets until amended, lapsed or eliminated by the legislature, temporary reallocations and establishing conditions and limitations.
SB14	1519742	2025-03-18	conference_report	81	41	not-selected	filter 4 keeps one roll per measure per chamber	House Conference Committee Report was adopted	Providing for continuous state budgets until amended, lapsed or eliminated by the legislature, temporary reallocations and establishing conditions and limitations.
SB14	1544106	2025-04-10	veto_override	85	39	candidate:batch-03	survived the title-versus-act check; awaits a reading of the enacted act	House Motion to override veto prevailed	Providing for continuous state budgets until amended, lapsed or eliminated by the legislature, temporary reallocations and establishing conditions and limitations.
SB21	1528804	2025-03-27	conference_report	90	35	candidate:batch-03	survived the title-versus-act check; awaits a reading of the enacted act	House Conference Committee Report was adopted	Amending the Kansas parimutuel racing act regarding qualifications for an organization license, the definition of horsemen's associations and horsemen's nonprofit organizations and the distribution of certain tax revenues.
SB29	1520984	2025-03-19	passage	88	36	not-selected	filter 4 keeps one roll per measure per chamber	House Emergency Final Action - Passed as amended	Substitute for SB 29 by Committee on Public Health and Welfare - Removing the authority of the county or joint board of health or local health officer to prohibit public gatherings when necessary for the control of infectious or contagious disease.
SB29	1544195	2025-04-10	veto_override	86	38	candidate:batch-03	survived the title-versus-act check; awaits a reading of the enacted act	House Motion to override veto prevailed	Substitute for SB 29 by Committee on Public Health and Welfare - Removing the authority of the county or joint board of health or local health officer to prohibit public gatherings when necessary for the control of infectious or contagious disease.
SB30	1529489	2025-03-27	conference_report	86	38	not-selected	filter 4 keeps one roll per measure per chamber; the chosen roll is in batch-01	House Conference Committee Report was adopted	Providing for occupational licensing annual reports by agencies to the joint committee on administrative rules and regulations and requiring that adoption of new occupational licenses and material changes to existing occupational licenses by a state agency be approved by the legislature by ratification.
SB30	1636184	2026-02-16	conference_report	89	35	not-selected	filter 4 keeps one roll per measure per chamber; the chosen roll is in batch-01	House Conference Committee Report was adopted	Providing for occupational licensing annual reports by agencies to the joint committee on administrative rules and regulations and requiring that adoption of new occupational licenses and material changes to existing occupational licenses by a state agency be approved by the legislature by ratification.
SB30	1679944	2026-04-09	veto_override	88	35	batch-01	imported	House Motion to override veto prevailed	Providing for occupational licensing annual reports by agencies to the joint committee on administrative rules and regulations and requiring that adoption of new occupational licenses and material changes to existing occupational licenses by a state agency be approved by the legislature by ratification.
SB35	1528112	2025-03-26	conference_report	96	26	candidate:batch-03	survived the title-versus-act check; awaits a reading of the enacted act	House Conference Committee Report was adopted	Discontinuing the state property tax levies for the Kansas educational building fund and the state institutions building fund and providing for financing therefor from the state general fund.
SB44	1523271	2025-03-20	passage	77	41	superseded	the chamber's last kept vote (2025-03-26, 102-21) was not divided	House Emergency Final Action - Passed as amended	Declaring antisemitism and antisemitic acts to be against public policy and establishing a statutory definition of such terms.
SB45	1507258	2025-03-06	passage	86	36	superseded	the chamber's last kept vote (2025-03-26, 117-5) was not divided	House Final Action - Passed as amended	Substitute for SB 45 by Committee on Education - Requiring the state board of education to calculate graduation rates for all school districts for purposes of accreditation using an alternative calculation.
SB54	1523373	2025-03-20	passage	87	31	candidate:batch-03	survived the title-versus-act check; awaits a reading of the enacted act	House Emergency Final Action - Passed as amended	Substitute for SB 54 by Committee on Judiciary - Limiting discovery and disclosure of third-party litigation funding agreements and requiring reporting of such agreements to courts.
SB63	1478079	2025-01-31	passage	83	35	batch-01	imported	House Final Action - Passed	Enacting the help not harm act, restricting use of state funds to promote gender transitioning, prohibiting healthcare providers from providing gender transition care to children whose gender identity is inconsistent with the child's sex, authorizing a civil cause of action against healthcare providers for providing such treatments, requiring professional discipline against a healthcare provider who performs such treatment, prohibiting professional liability insurance from covering damages for healthcare providers that provide gender transition treatment to children and adding violation of the act to the definition of unprofessional conduct for physicians.
SB63	1491886	2025-02-18	veto_override	84	35	held	LegiScan tally contradicts the Kansas bill history; see CODE-FINDINGS.md finding 5	House Motion to override veto prevailed	Enacting the help not harm act, restricting use of state funds to promote gender transitioning, prohibiting healthcare providers from providing gender transition care to children whose gender identity is inconsistent with the child's sex, authorizing a civil cause of action against healthcare providers for providing such treatments, requiring professional discipline against a healthcare provider who performs such treatment, prohibiting professional liability insurance from covering damages for healthcare providers that provide gender transition treatment to children and adding violation of the act to the definition of unprofessional conduct for physicians.
SB78	1519708	2025-03-17	passage	86	36	candidate:batch-03	survived the title-versus-act check; awaits a reading of the enacted act	House Final Action - Passed as amended	Requiring postsecondary educational institutions to regularly review and update accreditation policies, prohibiting accrediting agencies from compelling such institutions to violate state law and providing a cause of action for violations thereof.
SB82	1546064	2025-04-11	conference_report	74	48	not-selected	filter 4 keeps one roll per measure per chamber	House Conference Committee Report was adopted	Providing tax credits for expenditures for lockable gun and ammunition storage and the retail sale of higher ethanol blends of fuel, discontinuing the tax credit for qualified alternative-fueled motor vehicle property or fueling station expenditures, repealing the agritourism liability insurance, assistive technology contributions, declared disaster capital investment, owners promoting employment across Kansas and swine facility improvement tax credits and expanding the eligibility for applicable expenses under the child day care services assistance tax credit.
SB82	1680375	2026-04-10	conference_report	76	45	dropped	a four-subject tax credit package - a new gun storage credit, a new ethanol credit, a rewritten child care credit, and repeals of dormant credits - and the child care credit moves both ways, raising the rate from 30% to 75% while removing refundability	House Conference Committee Report was adopted	Providing tax credits for expenditures for lockable gun and ammunition storage and the retail sale of higher ethanol blends of fuel, discontinuing the tax credit for qualified alternative-fueled motor vehicle property or fueling station expenditures, repealing the agritourism liability insurance, assistive technology contributions, declared disaster capital investment, owners promoting employment across Kansas and swine facility improvement tax credits and expanding the eligibility for applicable expenses under the child day care services assistance tax credit.
SB98	1546008	2025-04-11	conference_report	85	37	candidate:batch-03	survived the title-versus-act check; awaits a reading of the enacted act	House Conference Committee Report was adopted	Providing a sales tax exemption for the construction or remodeling of a qualified data center in Kansas and the purchase of data center equipment, eligible data center costs and certain labor costs to qualified firms that commit to a minimum investment of at least $250,000,000 and meet new Kansas jobs and other requirements.
SB105	1513581	2025-03-11	passage	87	36	not-selected	filter 4 keeps one roll per measure per chamber	House Final Action - Passed as amended	Requiring the governor to appoint a person to fill vacancies in the offices of United States senator, state treasurer and commissioner of insurance from a list of names approved by the legislature.
SB105	1518437	2025-03-17	conference_report	84	36	candidate:batch-03	survived the title-versus-act check; awaits a reading of the enacted act	House Conference Committee Report was adopted	Requiring the governor to appoint a person to fill vacancies in the offices of United States senator, state treasurer and commissioner of insurance from a list of names approved by the legislature.
SB114	1519384	2025-03-18	passage	83	39	not-selected	filter 4 keeps one roll per measure per chamber	House Final Action - Passed as amended	Authorizing nonpublic and virtual school students to participate in ancillary public school activities and making it unlawful for the Kansas state high school activities association and school districts to discriminate against such students based on enrollment status.
SB114	1527908	2025-03-26	conference_report	84	38	candidate:batch-03	survived the title-versus-act check; awaits a reading of the enacted act	House Conference Committee Report was adopted	Authorizing nonpublic and virtual school students to participate in ancillary public school activities and making it unlawful for the Kansas state high school activities association and school districts to discriminate against such students based on enrollment status.
SB125	1529255	2025-03-27	conference_report	89	36	candidate:batch-03	survived the title-versus-act check; awaits a reading of the enacted act	House Conference Committee Report was adopted	Making and concerning supplemental appropriations for fiscal year 2025 and appropriations for fiscal years 2026 and 2027 for various state agencies, authorizing certain capital improvement projects and fees, authorizing certain transfers authorizing the payment of certain claims against the state.
SB137	1523393	2025-03-20	passage	90	28	candidate:batch-03	survived the title-versus-act check; awaits a reading of the enacted act	House Emergency Final Action - Passed	Authorizing the sale or transfer of forfeited firearms under the Kansas standard asset seizure and forfeiture act to a licensed firearm dealer.
SB166	1518687	2025-03-17	passage	90	32	candidate:batch-03	survived the title-versus-act check; awaits a reading of the enacted act	House Final Action - Passed	Enacting the fostering competitive career opportunities act to remove postsecondary degree requirements from state employment considerations.
SB199	1520026	2025-03-18	passage	75	45	not-selected	filter 4 keeps one roll per measure per chamber	House Emergency Final Action - Passed as amended	Designating the existing fallen firefighters memorial within the Kansas firefighters museum in Wichita as the official fallen firefighters memorial of the state of Kansas and replacing the Kansas firefighters memorial advisory committee with the Kansas firefighter memorial council; defining the fireworks sales season for seasonal retailers of consumer fireworks, providing for year-round sales by permanent retailers of consumer fireworks, requiring permanent retailers to register with the state fire marshal.
SB199	1528136	2025-03-26	conference_report	68	53	candidate:batch-03	survived the title-versus-act check; awaits a reading of the enacted act	House Conference Committee Report was adopted	Designating the existing fallen firefighters memorial within the Kansas firefighters museum in Wichita as the official fallen firefighters memorial of the state of Kansas and replacing the Kansas firefighters memorial advisory committee with the Kansas firefighter memorial council; defining the fireworks sales season for seasonal retailers of consumer fireworks, providing for year-round sales by permanent retailers of consumer fireworks, requiring permanent retailers to register with the state fire marshal.
SB244	1618709	2026-01-28	passage	87	36	not-selected	filter 4 keeps one roll per measure per chamber; the chosen roll is in batch-01	House Emergency Final Action - Substitute passed as amended	"House Substitute for SB 244 by Committee on Judiciary - Requiring the designation of multiple-occupancy private spaces in public buildings for use by only one sex and imposing criminal and civil penalties for violations, defining the term ""gender"" to mean biological sex at birth for purposes of statutory construction, directing the division of vehicles to invalidate and reissue driver's licenses when necessary to correct the gender identification on such licenses and directing the office of vital statistics to invalidate and reissue birth certificates when necessary to correct the sex identification on such certificates."
SB244	1637133	2026-02-18	veto_override	87	37	batch-01	imported	House Motion to override veto prevailed	"House Substitute for SB 244 by Committee on Judiciary - Requiring the designation of multiple-occupancy private spaces in public buildings for use by only one sex and imposing criminal and civil penalties for violations, defining the term ""gender"" to mean biological sex at birth for purposes of statutory construction, directing the division of vehicles to invalidate and reissue driver's licenses when necessary to correct the gender identification on such licenses and directing the office of vital statistics to invalidate and reissue birth certificates when necessary to correct the sex identification on such certificates."
SB250	1521343	2025-03-19	passage	97	26	superseded	the chamber's last kept vote (2025-03-26, 119-3) was not divided	House Emergency Final Action - Passed as amended	Enacting the right to try for individualized treatments act to permit a manufacturer to make an individualized investigative treatment available to a requesting patient.
SB260	1669540	2026-03-25	conference_report	98	27	candidate:batch-03	survived the title-versus-act check; awaits a reading of the enacted act	House Conference Committee Report was adopted	Relating to campaign finance; concerning a vacancy in the joint candidacy of the governor and lieutenant governor; relating to reasons for withdrawal of candidacy from national, state and local offices; relating to the election of the board of directors of certain irrigation districts; specifying when such elections may be conducted by the mail ballot election law; relating to the crime of corrupt political advertising; removing the requirements that treasurers be listed in political advertising attributions; clarifying campaign finance reports regarding vendor information.
SB269	1527750	2025-03-26	conference_report	84	38	not-selected	filter 4 keeps one roll per measure per chamber; the chosen roll is in batch-01	House Conference Committee Report was adopted	Providing that future income tax and privilege tax rate decreases be contingent on exceeding revenue estimates and retaining a certain amount in the budget stabilization fund.
SB269	1544084	2025-04-10	veto_override	87	37	batch-01	imported	House Motion to override veto prevailed	Providing that future income tax and privilege tax rate decreases be contingent on exceeding revenue estimates and retaining a certain amount in the budget stabilization fund.
SB299	1654275	2026-03-05	passage	87	32	batch-02	imported	House Final Action - Passed as amended	Requiring the supreme court nominating commission to release certain records under the Kansas open records act.
SB334	1665581	2026-03-18	passage	81	43	candidate:batch-03	survived the title-versus-act check; awaits a reading of the enacted act	House Emergency Final Action - Passed	Facilitating nursing workforce development by providing education levels for instructors at nursing schools as a requirement for state approval.
SB335	1655013	2026-03-05	passage	84	34	candidate:batch-03	survived the title-versus-act check; awaits a reading of the enacted act	House Emergency Final Action - Passed	Requiring public construction contracts to include a mutual waiver of consequential damages.
SB361	1671995	2026-03-27	conference_report	87	37	not-selected	filter 4 keeps one roll per measure per chamber	House Conference Committee Report was adopted	Electing to participate in the federal tax credit for individual contributions to scholarship granting organizations.
SB361	1680006	2026-04-09	veto_override	85	38	candidate:batch-03	survived the title-versus-act check; awaits a reading of the enacted act	House Motion to override veto prevailed	Electing to participate in the federal tax credit for individual contributions to scholarship granting organizations.
SB368	1658322	2026-03-10	passage	87	36	not-selected	filter 4 keeps one roll per measure per chamber	House Final Action - Passed	Enacting the health care sharing ministries tax deduction act to provide a subtraction modification for qualified health care sharing expenses paid by a qualified individual and certain qualified health care shares received by a qualified individual.
SB368	1671885	2026-03-27	veto_override	87	37	candidate:batch-03	survived the title-versus-act check; awaits a reading of the enacted act	House Motion to override veto prevailed	Enacting the health care sharing ministries tax deduction act to provide a subtraction modification for qualified health care sharing expenses paid by a qualified individual and certain qualified health care shares received by a qualified individual.
SB375	1665668	2026-03-18	passage	84	40	not-selected	filter 4 keeps one roll per measure per chamber	House Emergency Final Action - Passed as amended	Enacting the proxy advisor transparency act, requiring proxy advisors to make certain disclosures when recommending an action against company management, authorizing the attorney general to investigate and take enforcement actions against violators and establishing a private right of action for a declaratory judgment or injunctive relief.
SB375	1680080	2026-04-09	veto_override	87	36	batch-02	imported	House Motion to override veto prevailed	Enacting the proxy advisor transparency act, requiring proxy advisors to make certain disclosures when recommending an action against company management, authorizing the attorney general to investigate and take enforcement actions against violators and establishing a private right of action for a declaratory judgment or injunctive relief.
SB382	1671391	2026-03-26	conference_report	83	40	candidate:batch-03	survived the title-versus-act check; awaits a reading of the enacted act	House Conference Committee Report was adopted	Providing for the administration of statewide assessments to virtual school students by such students' virtual schools, adding third parties who contract with school districts to the definition of special teacher, providing for special education state aid reimbursement for certain qualified teachers, authorizing nonpublic schools to permit nonaccredited private elementary or secondary school students to participate in certain activities and authorizing foreign exchange students who reside with a host family to enroll in and attend the resident school district of the host family.
SB391	1665596	2026-03-18	passage	75	49	not-selected	filter 4 keeps one roll per measure per chamber	House Emergency Final Action - Passed as amended	Prohibiting cities and counties from adopting or enforcing any ordinance or resolution that requires landlords to lease housing to tenants receiving financial assistance from or through the housing choice voucher program or any other housing assistance program or that otherwise restricts a landlord's ability to consider the income source of a prospective tenant.
SB391	1670105	2026-03-25	conference_report	76	48	not-selected	filter 4 keeps one roll per measure per chamber	House Conference Committee Report was adopted	Prohibiting cities and counties from adopting or enforcing any ordinance or resolution that requires landlords to lease housing to tenants receiving financial assistance from or through the housing choice voucher program or any other housing assistance program or that otherwise restricts a landlord's ability to consider the income source of a prospective tenant.
SB391	1680330	2026-04-10	veto_override	85	38	candidate:batch-03	survived the title-versus-act check; awaits a reading of the enacted act	House Motion to override veto prevailed	Prohibiting cities and counties from adopting or enforcing any ordinance or resolution that requires landlords to lease housing to tenants receiving financial assistance from or through the housing choice voucher program or any other housing assistance program or that otherwise restricts a landlord's ability to consider the income source of a prospective tenant.
SB418	1665547	2026-03-18	passage	97	27	superseded	the chamber's last kept vote (2026-03-26, 117-5) was not divided	House Emergency Final Action - Passed as amended	Enacting the by-right housing development act to provide a streamlined permit approval process for by-right housing developments, allowing third-party review of new residential construction development documents and inspection of improvements, requiring political subdivisions to allow certain building provisions for certain single-family residences of a certain size, excluding owner initiated rezoning to a single-family residential district from protest petition provisions and providing for all land within the corporate limits of a city that is zoned for any type of residential use to be considered zoned for single-family residential use.
SB430	1681539	2026-04-10	conference_report	78	44	candidate:batch-03	survived the title-versus-act check; awaits a reading of the enacted act	House Conference Committee Report was adopted	Adding mitragynine to schedule I of the uniform controlled substances act and reconciling multiple amendments to certain statutes in the Kansas criminal code.
SB462	1665660	2026-03-18	passage	84	40	not-selected	filter 4 keeps one roll per measure per chamber	House Emergency Final Action - Passed as amended	Prohibiting persons who engaged in wrongful conduct from recovering damages in certain civil actions, prohibiting certain public nuisance claims, providing that only the attorney general may file claims regarding public nuisances that are not wholly contained in one political subdivision unless the attorney general delegates authorization to file such claims and requiring special injury for certain public nuisance actions.
SB462	1671991	2026-03-27	conference_report	86	37	not-selected	filter 4 keeps one roll per measure per chamber	House Conference Committee Report was adopted	Prohibiting persons who engaged in wrongful conduct from recovering damages in certain civil actions, prohibiting certain public nuisance claims, providing that only the attorney general may file claims regarding public nuisances that are not wholly contained in one political subdivision unless the attorney general delegates authorization to file such claims and requiring special injury for certain public nuisance actions.
SB462	1680052	2026-04-09	veto_override	86	37	candidate:batch-03	survived the title-versus-act check; awaits a reading of the enacted act	House Motion to override veto prevailed	Prohibiting persons who engaged in wrongful conduct from recovering damages in certain civil actions, prohibiting certain public nuisance claims, providing that only the attorney general may file claims regarding public nuisances that are not wholly contained in one political subdivision unless the attorney general delegates authorization to file such claims and requiring special injury for certain public nuisance actions.
