roll	bill	bt	ch	date	q	y	n	nv	ab	status	status_date	hist_ok	desc	title
1710479	SB1	B	senate	2026-06-20	passage	33	18	1	3	1	2026-06-17	True	Passage	Glynn County; ad valorem taxes; homestead property determined annually for the special district based upon the
1710472	SB2	B	senate	2026-06-20	passage	33	18	0	4	1	2026-06-17	True	Passage	City of Brunswick; ad valorem taxes; homestead property determined annually for the special district based upo
1711338	SB3	B	house	2026-06-23	passage	94	79	2	4	4	2026-06-25	True	Passage	Election Equipment Specifications and Standards Committee; establish
1710469	SB3	B	senate	2026-06-20	passage	33	19	0	3	4	2026-06-25	True	Passage As Amended	Election Equipment Specifications and Standards Committee; establish
1711340	SB3	B	senate	2026-06-23	concurrence	19	32	0	4	4	2026-06-25	True	Agree To House Substitute As Amended	Election Equipment Specifications and Standards Committee; establish
1711341	SB3	B	senate	2026-06-23	concurrence	36	16	0	3	4	2026-06-25	True	Agree To House Substitute	Election Equipment Specifications and Standards Committee; establish
1710476	SB4	B	senate	2026-06-20	passage	33	15	2	5	1	2026-06-17	True	Passage	Baldwin County; ad valorem taxes; homestead property determined annually for the special district based upon t
1711358	SB5	B	senate	2026-06-23	passage	32	19	1	3	1	2026-06-18	True	Passage	City of Toccoa; ad valorem taxes; homestead property determined annually for the special district based upon t
1711357	SB6	B	senate	2026-06-23	passage	32	20	0	3	1	2026-06-18	True	Passage	Stephens County; ad valorem taxes; homestead property determined annually for the special district based upon 
