bill	chamber	roll	vote_date	yea	nay	question_class	batch	title
HB0022	house	1509630	2025-03-10	60	29	passage	batch-03	AN ACT to amend Tennessee Code Annotated, Title 8, Chapter 44, relative to public meetings.
HB0023	house	1509515	2025-03-10	71	22	passage		AN ACT to amend Tennessee Code Annotated, Title 2 and Title 6, Chapter 53, relative to election districts.
HB0037	house	1525322	2025-03-24	75	19	passage		AN ACT to amend Tennessee Code Annotated, Title 8; Title 53; Title 56; Title 63; Title 68 and Title 71, relative to the use of drugs for the treatment
HB0056	senate	1517186	2025-03-13	20	10	passage		AN ACT to amend Tennessee Code Annotated, Title 5, relative to county legislative bodies.
HB0120	house	1509575	2025-03-10	73	19	passage	batch-05	AN ACT to amend Tennessee Code Annotated, Title 4 and Title 39, relative to criminal offenses.
HB0132	house	1553242	2025-04-21	69	22	passage	superseded	AN ACT to amend Tennessee Code Annotated, Section 58-2-107, relative to emergency management powers of the governor.
HB0132	house	1554657	2025-04-22	72	23	concurrence	batch-05	AN ACT to amend Tennessee Code Annotated, Section 58-2-107, relative to emergency management powers of the governor.
HB0483	house	1683107	2026-04-15	71	23	passage		AN ACT to amend Tennessee Code Annotated, Title 8, relative to district attorneys general.
HB0483	house	1688359	2026-04-22	66	25	concurrence		AN ACT to amend Tennessee Code Annotated, Title 8, relative to district attorneys general.
HB0483	senate	1685113	2026-04-16	23	6	passage		AN ACT to amend Tennessee Code Annotated, Title 8, relative to district attorneys general.
HB0542	senate	1553053	2025-04-21	24	6	passage		AN ACT to amend Tennessee Code Annotated, Title 7; Title 13, Chapter 7; Title 65 and Title 68, relative to utilities.
HB0548	house	1677607	2026-04-07	73	22	concurrence		"AN ACT to amend Tennessee Code Annotated, Title 4, Chapter 56, relative to the ""Tennessee Procurement Protection Act."""
HB0548	senate	1676104	2026-04-02	21	8	passage		"AN ACT to amend Tennessee Code Annotated, Title 4, Chapter 56, relative to the ""Tennessee Procurement Protection Act."""
HB0576	senate	1553197	2025-04-21	22	8	passage		AN ACT to amend Tennessee Code Annotated, Title 4, Chapter 3, Part 13; Title 39; Title 40; Title 41; Title 56; Title 62 and Title 67, Chapter 4, Part
HB0601	senate	1543970	2025-04-10	24	6	passage		AN ACT to amend Tennessee Code Annotated, Title 40, relative to post-conviction relief.
HB0612	house	1544003	2025-04-10	74	20	passage	batch-05	AN ACT to amend Tennessee Code Annotated, Title 69, Chapter 3, relative to permits.
HB0618	house	1501024	2025-02-27	61	26	passage	batch-03	AN ACT to amend Tennessee Code Annotated, Title 2 and Title 8, relative to public office.
HB0618	senate	1646824	2026-02-26	21	10	passage	batch-03	AN ACT to amend Tennessee Code Annotated, Title 2 and Title 8, relative to public office.
HB0622	house	1551312	2025-04-17	73	24	passage	batch-02	AN ACT to amend Tennessee Code Annotated, Title 5; Title 6; Title 7; Title 8 and Title 49, relative to hiring practices of governmental entities.
HB0749	house	1535748	2025-04-03	68	21	passage	batch-01	AN ACT to amend Tennessee Code Annotated, Title 55, Chapter 50, relative to driver licenses issued to persons without lawful presence.
HB0754	house	1670954	2026-03-26	70	21	passage	superseded	AN ACT to amend Tennessee Code Annotated, Title 1; Title 4; Title 33; Title 56; Title 63; Title 68 and Title 71, relative to health care.
HB0754	house	1682980	2026-04-15	73	23	concurrence	batch-03	AN ACT to amend Tennessee Code Annotated, Title 1; Title 4; Title 33; Title 56; Title 63; Title 68 and Title 71, relative to health care.
HB0754	senate	1681414	2026-04-13	24	7	passage	batch-03	AN ACT to amend Tennessee Code Annotated, Title 1; Title 4; Title 33; Title 56; Title 63; Title 68 and Title 71, relative to health care.
HB0773	senate	1556877	2025-04-22	23	8	passage		AN ACT to amend Tennessee Code Annotated, Title 1, Chapter 3, relative to legal notices.
HB0803	house	1663874	2026-03-16	69	22	passage		AN ACT to amend Tennessee Code Annotated, Title 7; Title 8; Title 9; Title 62, Chapter 2; Title 65; Title 68, Chapter 221 and Title 69, relative to ut
HB0803	house	1678806	2026-04-08	59	33	concurrence		AN ACT to amend Tennessee Code Annotated, Title 7; Title 8; Title 9; Title 62, Chapter 2; Title 65; Title 68, Chapter 221 and Title 69, relative to ut
HB0803	senate	1677251	2026-04-06	20	13	passage		AN ACT to amend Tennessee Code Annotated, Title 7; Title 8; Title 9; Title 62, Chapter 2; Title 65; Title 68, Chapter 221 and Title 69, relative to ut
HB0910	house	1550597	2025-04-16	73	23	passage	batch-03	AN ACT to amend Tennessee Code Annotated, Title 4; Title 8 and Title 68, relative to human rights.
HB1060	house	1535750	2025-04-03	59	23	passage	batch-05	AN ACT to amend Tennessee Code Annotated, Section 70-2-106, relative to agent fees.
HB1092	house	1554376	2025-04-22	69	23	passage		AN ACT relative to government applications for federal financial assistance.
HB1093	senate	1556833	2025-04-22	23	8	passage	batch-01	AN ACT to amend Tennessee Code Annotated, Title 39 and Title 40, relative to firearms.
HB1097	house	1550463	2025-04-16	73	24	passage		AN ACT to amend Tennessee Code Annotated, Title 4; Title 5; Title 6; Title 7; Title 8 and Title 9, relative to actions of local governments.
HB1097	house	1553964	2025-04-22	74	21	conference_report		AN ACT to amend Tennessee Code Annotated, Title 4; Title 5; Title 6; Title 7; Title 8 and Title 9, relative to actions of local governments.
HB1133	house	1553366	2025-04-21	70	24	concurrence		AN ACT to amend Tennessee Code Annotated, Title 67, relative to energy.
HB1162	house	1550280	2025-04-16	74	22	passage		AN ACT to amend Tennessee Code Annotated, Title 49, relative to public charter schools.
HB1194	senate	1661653	2026-03-12	19	13	passage	batch-06	AN ACT to amend Tennessee Code Annotated, Title 4; Title 8 and Title 50, relative to E-Verify.
HB1237	house	1509645	2025-03-10	71	22	passage	superseded	AN ACT to amend Tennessee Code Annotated, Title 4, Chapter 21; Title 9; Title 62; Title 63 and Title 68, relative to state entities.
HB1237	house	1538713	2025-04-07	73	22	concurrence	batch-04	AN ACT to amend Tennessee Code Annotated, Title 4, Chapter 21; Title 9; Title 62; Title 63 and Title 68, relative to state entities.
HB1237	senate	1531898	2025-03-31	24	6	passage	batch-04	AN ACT to amend Tennessee Code Annotated, Title 4, Chapter 21; Title 9; Title 62; Title 63 and Title 68, relative to state entities.
HB1271	senate	1688548	2026-04-22	24	6	passage		AN ACT to amend Tennessee Code Annotated, Title 1; Title 3; Title 4; Title 5; Title 6; Title 7 and Title 8, relative to biological sex.
HB1330	house	1543985	2025-04-10	73	21	passage		AN ACT to amend Tennessee Code Annotated, Title 4; Title 8; Title 20; Title 33; Title 38; Title 40; Title 52; Title 55; Title 62; Title 63; Title 68;
HB1330	house	1553291	2025-04-21	60	31	concurrence		AN ACT to amend Tennessee Code Annotated, Title 4; Title 8; Title 20; Title 33; Title 38; Title 40; Title 52; Title 55; Title 62; Title 63; Title 68;
HB1330	senate	1552439	2025-04-17	24	6	passage		AN ACT to amend Tennessee Code Annotated, Title 4; Title 8; Title 20; Title 33; Title 38; Title 40; Title 52; Title 55; Title 62; Title 63; Title 68;
HB1332	house	1547955	2025-04-14	71	21	passage	batch-05	AN ACT to amend Tennessee Code Annotated, Title 39 and Title 40, relative to criminal justice.
HB1373	house	1550275	2025-04-16	73	21	passage		AN ACT to amend Tennessee Code Annotated, Title 49, relative to school performance.
HB1376	house	1544416	2025-04-10	69	21	passage		AN ACT to amend Tennessee Code Annotated, Title 39; Title 40; Title 43, Chapter 27; Title 53, Chapter 11; Title 57 and Title 67, relative to the regul
HB1376	senate	1552466	2025-04-17	23	9	passage		AN ACT to amend Tennessee Code Annotated, Title 39; Title 40; Title 43, Chapter 27; Title 53, Chapter 11; Title 57 and Title 67, relative to the regul
HB1446	house	1657402	2026-03-09	68	21	passage		AN ACT to amend Tennessee Code Annotated, Title 3; Title 4 and Title 8, relative to the Recognizing Judea and Samaria Act.
HB1446	senate	1679776	2026-04-09	24	8	passage		AN ACT to amend Tennessee Code Annotated, Title 3; Title 4 and Title 8, relative to the Recognizing Judea and Samaria Act.
HB1484	house	1676945	2026-04-06	74	21	passage		AN ACT to amend Tennessee Code Annotated, Title 8, Chapter 7 and Title 39, relative to district attorneys general.
HB1665	house	1663445	2026-03-16	72	21	passage	batch-05	AN ACT to amend Tennessee Code Annotated, Title 4; Title 33; Title 47; Title 56; Title 63; Title 68 and Title 71, relative to the protection of minors
HB1668	house	1687331	2026-04-21	71	21	passage		AN ACT to amend Tennessee Code Annotated, Title 39, relative to criminal offenses.
HB1704	house	1663590	2026-03-16	73	22	passage	batch-03	AN ACT to amend Tennessee Code Annotated, Title 4; Title 7; Title 38; Title 39; Title 40 and Title 41, relative to immigration.
HB1705	house	1663455	2026-03-16	73	21	passage	batch-04	AN ACT to amend Tennessee Code Annotated, Title 4; Title 5; Title 6; Title 7; Title 8; Title 12 and Title 50, relative to employment.
HB1707	house	1675927	2026-04-02	71	24	passage	dropped	AN ACT to amend Tennessee Code Annotated, Title 4; Title 7; Title 8; Title 16; Title 17 and Title 38, relative to immigration.
HB1709	house	1687247	2026-04-21	70	20	passage	superseded	AN ACT to amend Tennessee Code Annotated, Title 4; Title 7; Title 20; Title 23; Title 33; Title 37; Title 39; Title 42; Title 43; Title 44; Title 45;
HB1709	house	1687780	2026-04-22	70	21	concurrence	batch-06	AN ACT to amend Tennessee Code Annotated, Title 4; Title 7; Title 20; Title 23; Title 33; Title 37; Title 39; Title 42; Title 43; Title 44; Title 45;
HB1729	house	1671271	2026-03-26	67	20	passage		AN ACT to amend Tennessee Code Annotated, Title 49, relative to education.
HB1729	senate	1681560	2026-04-13	24	8	passage		AN ACT to amend Tennessee Code Annotated, Title 49, relative to education.
HB1784	house	1672959	2026-03-30	69	22	passage		AN ACT to amend Tennessee Code Annotated, Title 15, Chapter 2, relative to days of special observance.
HB1857	house	1666199	2026-03-19	71	20	passage		AN ACT to amend Tennessee Code Annotated, Title 49, Chapter 1; Title 49, Chapter 2; Title 49, Chapter 50 and Title 49, Chapter 6, relative to educatio
HB1857	house	1687799	2026-04-22	71	19	conference_report		AN ACT to amend Tennessee Code Annotated, Title 49, Chapter 1; Title 49, Chapter 2; Title 49, Chapter 50 and Title 49, Chapter 6, relative to educatio
HB1886	house	1688370	2026-04-22	69	19	concurrence		AN ACT to amend Tennessee Code Annotated, Title 49, relative to acceptable uses of technology provided by public schools.
HB1891	house	1667873	2026-03-23	66	21	passage		AN ACT to amend Tennessee Code Annotated, Title 55, Chapter 10; Title 55, Chapter 8 and Title 55, Chapter 9, relative to driver courses for traffic of
HB1971	house	1673379	2026-03-30	56	38	passage		AN ACT to amend Tennessee Code Annotated, Title 1, Chapter 3 and Title 49, relative to causes of action.
HB1971	senate	1675799	2026-04-02	18	13	passage		AN ACT to amend Tennessee Code Annotated, Title 1, Chapter 3 and Title 49, relative to causes of action.
HB2018	house	1677121	2026-04-06	72	23	passage	batch-06	AN ACT to amend Tennessee Code Annotated, Title 4; Title 7; Title 38 and Title 41, relative to enforcement of immigration laws.
HB2070	house	1661430	2026-03-12	69	18	passage	batch-01	"AN ACT to amend Tennessee Code Annotated, Title 4; Title 60 and Title 68, relative to the ""Tennessee Energy Freedom Act."""
HB2149	senate	1675973	2026-04-02	24	8	passage		AN ACT to amend Tennessee Code Annotated, Title 49, relative to education.
HB2157	house	1688443	2026-04-22	73	19	concurrence		AN ACT to amend Tennessee Code Annotated, Title 8; Title 38 and Title 39, relative to law enforcement.
HB2157	senate	1688666	2026-04-22	25	7	passage		AN ACT to amend Tennessee Code Annotated, Title 8; Title 38 and Title 39, relative to law enforcement.
HB2175	senate	1690444	2026-04-23	19	9	passage		AN ACT to amend Tennessee Code Annotated, Title 4; Title 7; Title 55; Title 56 and Title 65, relative to delivery network companies.
HB2177	house	1687223	2026-04-21	62	29	passage		AN ACT to amend Tennessee Code Annotated, Title 9; Title 49, Chapter 13; Title 49, Chapter 2; Title 49, Chapter 3 and Title 49, Chapter 1, Part 3, rel
HB2177	house	1687804	2026-04-22	60	22	concurrence		AN ACT to amend Tennessee Code Annotated, Title 9; Title 49, Chapter 13; Title 49, Chapter 2; Title 49, Chapter 3 and Title 49, Chapter 1, Part 3, rel
HB2185	house	1666206	2026-03-19	68	22	passage	batch-01	AN ACT to amend Tennessee Code Annotated, Title 2, relative to voter eligibility.
HB2194	house	1657733	2026-03-09	70	21	passage		AN ACT to amend Tennessee Code Annotated, Title 49, Chapter 7; Title 49, Chapter 8 and Title 49, Chapter 9, relative to public institutions of higher
HB2219	house	1685948	2026-04-20	71	25	passage	batch-02	AN ACT to amend Tennessee Code Annotated, Title 4; Title 7; Title 8; Title 16; Title 17; Title 38; Title 39; Title 40 and Title 41, relative to immigr
HB2219	senate	1690535	2026-04-23	24	7	passage	batch-02	AN ACT to amend Tennessee Code Annotated, Title 4; Title 7; Title 8; Title 16; Title 17; Title 38; Title 39; Title 40 and Title 41, relative to immigr
HB2359	house	1687303	2026-04-21	29	64	passage		AN ACT to amend Tennessee Code Annotated, Title 39, Chapter 17; Title 43; Title 57 and Title 67, Chapter 4, Part 10, relative to vapor products.
HB2366	house	1676948	2026-04-06	70	23	passage		AN ACT to amend Tennessee Code Annotated, Title 5; Title 6; Title 7 and Title 67, relative to tourism development zones.
HB2395	house	1657659	2026-03-09	64	25	passage		AN ACT to amend Tennessee Code Annotated, Title 49, Chapter 1 and Title 49, Chapter 6, relative to social studies education.
HB2502	house	1679958	2026-04-09	68	21	passage	superseded	AN ACT to amend Tennessee Code Annotated, Title 4; Title 38; Title 39; Title 45; Title 47; Title 49 and Title 67, relative to money transmission.
HB2502	house	1687884	2026-04-22	70	19	concurrence	batch-06	AN ACT to amend Tennessee Code Annotated, Title 4; Title 38; Title 39; Title 45; Title 47; Title 49 and Title 67, relative to money transmission.
HB2502	senate	1685052	2026-04-16	21	7	passage	batch-06	AN ACT to amend Tennessee Code Annotated, Title 4; Title 38; Title 39; Title 45; Title 47; Title 49 and Title 67, relative to money transmission.
HB2503	house	1683021	2026-04-15	74	20	passage		AN ACT to amend Tennessee Code Annotated, Title 3; Title 4; Title 5; Title 6; Title 7; Title 8; Title 10; Title 12; Title 29; Title 35; Title 36; Titl
HB2503	senate	1687579	2026-04-21	24	9	passage		AN ACT to amend Tennessee Code Annotated, Title 3; Title 4; Title 5; Title 6; Title 7; Title 8; Title 10; Title 12; Title 29; Title 35; Title 36; Titl
HB2530	house	1677550	2026-04-07	73	20	passage		AN ACT to amend Tennessee Code Annotated, Title 4, Chapter 29, Part 2; Title 20, Chapter 9, Part 6; Title 55, Chapter 17, Part 1; Title 62, Chapter 13
HB2532	house	1681352	2026-04-13	52	43	passage		AN ACT to amend Tennessee Code Annotated, Title 49, relative to education.
HB2532	house	1684632	2026-04-16	63	28	concurrence		AN ACT to amend Tennessee Code Annotated, Title 49, relative to education.
HB2532	senate	1684956	2026-04-16	18	14	passage		AN ACT to amend Tennessee Code Annotated, Title 49, relative to education.
HB2536	house	1666354	2026-03-19	70	23	passage		AN ACT to amend Tennessee Code Annotated, Section 8-27-201; Section 8-27-301 and Section 8-27-701, relative to membership of group insurance committee
HB2569	house	1677693	2026-04-07	62	22	passage	batch-03	AN ACT to amend Tennessee Code Annotated, Title 68, relative to immunization.
HB2616	house	1681809	2026-04-14	61	24	passage	batch-03	AN ACT to amend Tennessee Code Annotated, Title 8, relative to executive sessions for consideration of employment by a governing body.
HB6004	house	1477566	2025-01-30	54	43	passage		AN ACT to amend Tennessee Code Annotated, Title 4, Chapter 49; Title 8 and Title 49, relative to the Education Freedom Act of 2025.
HB6004	senate	1492168	2025-01-30	20	13	passage		AN ACT to amend Tennessee Code Annotated, Title 4, Chapter 49; Title 8 and Title 49, relative to the Education Freedom Act of 2025.
HB7001	house	1695281	2026-05-07	68	25	passage		AN ACT to amend Tennessee Code Annotated, Title 2, relative to the 2026 congressional elections.
HB7001	senate	1695922	2026-05-07	23	7	passage		AN ACT to amend Tennessee Code Annotated, Title 2, relative to the 2026 congressional elections.
HB7002	house	1695420	2026-05-07	66	24	passage		AN ACT to amend Tennessee Code Annotated, Title 2, Chapter 16, relative to congressional districts.
HB7002	senate	1695421	2026-05-07	22	8	passage		AN ACT to amend Tennessee Code Annotated, Title 2, Chapter 16, relative to congressional districts.
HB7003	house	1695538	2026-05-07	64	25	passage		AN ACT to amend Tennessee Code Annotated, Title 2, Chapter 16 and Chapter 742 of the Public Acts of 2026, relative to congressional districts.
HB7005	house	1695457	2026-05-07	69	23	passage		AN ACT to make appropriations for the purpose of defraying the expenses of the state government for the fiscal years beginning July 1, 2025, and July
HB7005	senate	1695459	2026-05-07	24	6	passage		AN ACT to make appropriations for the purpose of defraying the expenses of the state government for the fiscal years beginning July 1, 2025, and July
HJR0017	house	1517166	2025-03-13	69	22	passage		A RESOLUTION to urge the United States Congress to repeal all taxes on income and enact a national retail sales tax as specified in H.R. 25, the Fair
HJR0062	house	1475727	2025-01-27	72	18	passage		A RESOLUTION to provide for a recess in the proceedings of the One Hundred Fourteenth General Assembly.
HJR0182	house	1550367	2025-04-16	72	18	passage		"A RESOLUTION to designate June 2025 as ""Nuclear Family Month"" in Tennessee."
HJR0480	house	1529538	2025-03-27	73	21	passage		A RESOLUTION to recognize and honor Coordinator of Elections Mark Goins for his ongoing service to the State of Tennessee.
HJR0486	house	1547721	2025-04-14	74	22	passage		A RESOLUTION to honor Elon Musk and SpaceX for their historic rescue mission of two American astronauts who were stranded on the International Space S
HJR0812	house	1623154	2026-02-04	70	18	passage		A RESOLUTION to honor the memory of Judge Kevin Blair Wilson of Collegedale.
HJR0813	house	1623525	2026-02-04	70	18	passage		A RESOLUTION to honor and commend Greg Marlow of LaFollette for his contributions to the State of Tennessee.
HJR0814	house	1623245	2026-02-04	70	18	passage		A RESOLUTION to honor and congratulate Patricia Ludin on her selection as the 2025-2026 Marshall County School System Teacher of the Year and Oak Grov
HJR0815	house	1623326	2026-02-04	70	18	passage		A RESOLUTION to honor and congratulate Gina Ervin on her selection as the 2025-2026 Marshall County School System Teacher of the Year and Marshall Cou
HJR0816	house	1623617	2026-02-04	70	18	passage		A RESOLUTION to honor and congratulate Anita Darnell on her selection as the 2025-2026 Marshall County School System Teacher of the Year and Marshall
HJR0817	house	1623156	2026-02-04	70	18	passage		A RESOLUTION to honor and congratulate Kate Oliver on her selection as the 2025-2026 Marshall County School System and Westhill Elementary School Teac
HJR0818	house	1623535	2026-02-04	70	18	passage		A RESOLUTION to honor and congratulate Katie Vernon on her selection as the 2025-2026 Westhill Elementary School Teacher of the Year.
HJR0819	house	1623195	2026-02-04	70	18	passage		A RESOLUTION to honor and congratulate Amy Harwell on her selection as the 2025-2026 Lewisburg Middle School Teacher of the Year.
HJR0820	house	1623081	2026-02-04	70	18	passage		A RESOLUTION to honor and congratulate Lindsey Bledsoe on her selection as the 2025-2026 Cornersville High School Teacher of the Year.
HJR0821	house	1623332	2026-02-04	70	18	passage		A RESOLUTION to honor and congratulate Herbie Foster on his selection as the 2025-2026 Cornersville High School Teacher of the Year.
HJR0822	house	1623075	2026-02-04	70	18	passage		A RESOLUTION to honor and congratulate Emily Talley on her selection as the 2025-2026 Cornersville Elementary School Teacher of the Year.
HJR0823	house	1623508	2026-02-04	70	18	passage		A RESOLUTION to honor and congratulate Megan Smith on her selection as the 2025-2026 Cornersville Elementary School Teacher of the Year.
HJR0824	house	1622781	2026-02-04	70	18	passage		A RESOLUTION to honor and congratulate Tracy Hall on her selection as the 2025-2026 Forrest School Teacher of the Year.
HJR0825	house	1622770	2026-02-04	70	18	passage		A RESOLUTION to honor and congratulate Mary Hickerson on her selection as the 2025-2026 Forrest School Teacher of the Year.
HJR0826	house	1623312	2026-02-04	70	18	passage		A RESOLUTION to honor and congratulate Josh Harmon on his selection as the 2025-2026 Delk-Henson Intermediate School Teacher of the Year.
HJR0827	house	1623438	2026-02-04	70	18	passage		A RESOLUTION to honor and congratulate Kaitlyn Jones on her selection as the 2025-2026 Delk-Henson Intermediate School Teacher of the Year.
HJR0828	house	1623243	2026-02-04	70	18	passage		A RESOLUTION to honor and congratulate Lori Curtis on her selection as the 2025-2026 Chapel Hill Elementary School Teacher of the Year.
HJR0829	house	1623131	2026-02-04	70	18	passage		A RESOLUTION to honor and congratulate Elaine Jarvis on her selection as the 2025-2026 Longview Elementary School Teacher of the Year.
HJR0830	house	1623377	2026-02-04	70	18	passage		A RESOLUTION to honor and congratulate Amy Raleigh on her selection as the 2025-2026 Chapman's Retreat Elementary School Teacher of the Year.
HJR0831	house	1623232	2026-02-04	70	18	passage		A RESOLUTION to honor and congratulate Deborah McClendon on her selection as the 2025-2026 Bethesda Elementary School Teacher of the Year.
HJR0832	house	1623225	2026-02-04	70	18	passage		A RESOLUTION to honor and congratulate Christy Nichols on her selection as the 2025-2026 Amanda North Elementary School Teacher of the Year.
HJR0833	house	1623559	2026-02-04	70	18	passage		A RESOLUTION to honor and congratulate Sara Hoppe on her selection as the 2025-2026 Allendale Elementary School Teacher of the Year.
HJR0834	house	1623582	2026-02-04	70	18	passage		A RESOLUTION to honor and congratulate Jon Brent King on his selection as the 2025-2026 Spring Station Middle School Teacher of the Year.
HJR0835	house	1623263	2026-02-04	70	18	passage		A RESOLUTION to honor and congratulate Sorrel Dugan on her selection as the 2025-2026 Summit High School Teacher of the Year.
HJR0836	house	1623306	2026-02-04	70	18	passage		"A RESOLUTION to join in the celebration of ""National Vending Day"" in Tennessee on March 5, 2026."
HJR0837	house	1623186	2026-02-04	70	18	passage		A RESOLUTION to recognize Jim Vincent on the occasion of his retirement.
HJR0838	house	1622772	2026-02-04	70	18	passage		A RESOLUTION to honor the memory of Ola Cecil Harris of Dayton.
HJR0839	house	1623578	2026-02-04	70	18	passage		A RESOLUTION to honor Allan Dale Hannah for his fifty years of service to the City of Pikeville Volunteer Fire Department.
HJR0843	house	1623396	2026-02-04	70	18	passage		A RESOLUTION to honor and commend Dr. Rufus R. Clifford, Jr., for his decades of distinguished service to the community and to Rotary International.
HJR0844	house	1623148	2026-02-04	70	18	passage		A RESOLUTION to commend and congratulate Horace Stephens upon his receipt of the Legacy of Service Award from the Alcoa City Schools Foundation.
HJR0846	house	1623067	2026-02-04	70	18	passage		A RESOLUTION to honor the memory of Kenneth Hollis Choate, Jr., of Thompson's Station.
HJR0849	house	1623254	2026-02-04	70	18	passage		A RESOLUTION to honor Eric Swenson upon being named the 2025 TFCA Division 1, Class 2A Coach of the Year and West Tennessee Coach of the Year.
HJR0850	house	1623250	2026-02-04	70	18	passage		A RESOLUTION to honor and congratulate the Huntingdon High School football team, TSSAA Division I, Class 2A state champion.
HJR0851	house	1623428	2026-02-04	70	18	passage		A RESOLUTION to recognize Dr. Gary Arnold Flandro for his foundational role in the development of NASA's Voyager program.
HJR0852	house	1623466	2026-02-04	70	18	passage		A RESOLUTION to honor and congratulate Tasha Hull of Fentress County on her selection as the 2025-2026 Clarkrange High School Teacher of the Year for
HJR0853	house	1623226	2026-02-04	70	18	passage		A RESOLUTION to congratulate Eddie Cook of Fentress County upon his induction into the Tennessee School Boards Association Quarter Century Club.
HJR0854	house	1623346	2026-02-04	70	18	passage		A RESOLUTION to honor and congratulate Pam Conatser of Fentress County on her selection as the 2025-2026 Allardt Elementary School Teacher of the Year
HJR0855	house	1623566	2026-02-04	70	18	passage		A RESOLUTION to honor and congratulate Jamie Andrews of Fentress County on her selection as the 2025-2026 Pine Haven Elementary School Teacher of the
HJR0856	house	1623418	2026-02-04	70	18	passage		A RESOLUTION to honor and congratulate Kendra West of Fentress County on her selection as the 2025-2026 York Elementary School Teacher of the Year for
HJR0857	house	1623594	2026-02-04	70	18	passage		A RESOLUTION to honor and congratulate Amy Thoman on her selection as the 2025-2026 York Elementary School Grades Pre-K-4 Teacher of the Year.
HJR0858	house	1623545	2026-02-04	70	18	passage		A RESOLUTION to honor and congratulate Kellye Stone on her selection as the 2025-2026 Allardt Elementary School Grades 5-8 Teacher of the Year.
HJR0859	house	1623191	2026-02-04	70	18	passage		A RESOLUTION to honor and congratulate Della Sandoval on her selection as the 2025-2026 South Fentress Elementary School Grades Pre-K-4 Teacher of the
HJR0860	house	1623417	2026-02-04	70	18	passage		A RESOLUTION to honor and congratulate Shannon Phillips on her selection as the 2025-2026 South Fentress Elementary School Grades 5-8 Teacher of the Y
HJR0861	house	1623176	2026-02-04	70	18	passage		A RESOLUTION to honor and congratulate Kay McCrary on her selection as the 2025-2026 Pine Haven Elementary School Grades Pre-K-4 Teacher of the Year.
HJR0862	house	1623604	2026-02-04	70	18	passage		A RESOLUTION to honor the memory of Natalie Leach Haslam of Knoxville.
HJR0886	house	1655621	2026-03-05	70	21	passage		A RESOLUTION to confirm the appointment of Tom Marino to the Public Charter School Commission.
HJR1479	house	1688307	2026-04-22	73	20	passage		A RESOLUTION to honor Carnton on the occasion of its 200th anniversary.
HJR7004	house	1695452	2026-05-07	73	21	passage		A RESOLUTION to honor Judge Rex Henry Ogle on the occasion of his retirement from the bench of the Fourth Judicial District.
HJR7005	house	1695366	2026-05-07	73	22	passage		A RESOLUTION to honor the Franklin Theatre on the fifteenth anniversary of its grand reopening.
HJR7007	house	1695379	2026-05-07	73	22	passage		"A RESOLUTION to honor James Kenneth ""J.K."" Harrill for his fifty years of service to the railroad industry in Tennessee."
SB0007	senate	1536236	2025-04-03	23	6	passage		AN ACT to amend Tennessee Code Annotated, Title 4; Title 7; Title 8; Title 13 and Title 66, relative to historic preservation.
SB0007	senate	1552422	2025-04-17	26	7	concurrence		AN ACT to amend Tennessee Code Annotated, Title 4; Title 7; Title 8; Title 13 and Title 66, relative to historic preservation.
SB0019	house	1509489	2025-03-10	73	21	passage		AN ACT to amend Tennessee Code Annotated, Title 8, Chapter 6, relative to investigations by the attorney general and reporter.
SB0030	house	1553287	2025-04-21	70	20	passage		AN ACT to amend Tennessee Code Annotated, Title 39; Title 40; Title 54 and Title 55, relative to criminal offenses.
SB0113	house	1531570	2025-03-31	63	30	passage		AN ACT to amend Tennessee Code Annotated, Title 68, Chapter 221, Part 4, relative to variances for subsurface sewage disposal systems.
SB0128	house	1550716	2025-04-16	65	24	passage		AN ACT to amend Tennessee Code Annotated, Title 4 and Title 63, relative to professions.
SB0134	house	1550647	2025-04-16	58	28	passage		AN ACT to amend Tennessee Code Annotated, Title 4 and Title 49, relative to education.
SB0217	house	1549143	2025-04-15	74	23	passage		AN ACT to amend Tennessee Code Annotated, Title 4; Title 13; Title 39; Title 54; Title 55 and Title 71, relative to the collection, storage, claiming,
SB0218	house	1655106	2026-03-05	65	25	passage	batch-05	AN ACT to amend Tennessee Code Annotated, Title 40, relative to pretrial release for certain offenses.
SB0221	house	1554390	2025-04-22	73	22	passage		AN ACT to amend Tennessee Code Annotated, Title 37 and Title 40, relative to juvenile records.
SB0227	house	1550606	2025-04-16	70	23	passage	batch-04	AN ACT to amend Tennessee Code Annotated, Title 29, Chapter 34, relative to charitable organizations.
SB0229	house	1554707	2025-04-22	73	21	passage		AN ACT to amend Tennessee Code Annotated, Title 2; Title 3 and Title 67, relative to the bureau of ethics and campaign finance.
SB0229	senate	1556906	2025-04-22	23	6	conference_report		AN ACT to amend Tennessee Code Annotated, Title 2; Title 3 and Title 67, relative to the bureau of ethics and campaign finance.
SB0245	house	1548549	2025-04-15	73	21	passage		AN ACT to amend Tennessee Code Annotated, Title 8, Chapter 7, Part 1 and Title 8, Chapter 7, Part 3, relative to district attorneys general.
SB0259	senate	1682930	2026-04-14	24	7	passage		AN ACT to amend Tennessee Code Annotated, Title 33; Title 36; Title 37; Title 49; Title 63 and Title 68, relative to healthcare treatment of minors.
SB0263	house	1551165	2025-04-17	72	25	passage		AN ACT to amend Tennessee Code Annotated, Title 4, Chapter 1, Part 4, relative to state government.
SB0336	house	1657505	2026-03-09	64	24	passage	batch-01	AN ACT to amend Tennessee Code Annotated, Title 2 and Title 40, relative to voting rights.
SB0336	senate	1543982	2025-04-10	24	8	passage	batch-01	AN ACT to amend Tennessee Code Annotated, Title 2 and Title 40, relative to voting rights.
SB0350	house	1657614	2026-03-09	73	21	passage	batch-04	AN ACT to amend Tennessee Code Annotated, Title 66, relative to leases.
SB0376	house	1544284	2025-04-10	73	22	passage	batch-03	AN ACT to amend Tennessee Code Annotated, Title 49, Chapter 7, relative to institutions of higher education.
SB0392	house	1554338	2025-04-22	73	22	passage	batch-04	AN ACT to amend Tennessee Code Annotated, Title 39, relative to criminal offenses.
SB0449	house	1544236	2025-04-10	54	37	passage	batch-02	AN ACT to amend Tennessee Code Annotated, Title 63 and Title 68, relative to reproductive health care.
SB0464	house	1549275	2025-04-15	71	23	passage		AN ACT to amend Tennessee Code Annotated, Title 40, relative to pretrial release.
SB0468	house	1548732	2025-04-15	72	22	passage	superseded	AN ACT to amend Tennessee Code Annotated, Title 4; Title 37; Title 41; Title 49 and Title 68, relative to public safety.
SB0468	house	1687800	2026-04-22	71	18	conference_report	batch-02	AN ACT to amend Tennessee Code Annotated, Title 4; Title 37; Title 41; Title 49 and Title 68, relative to public safety.
SB0471	house	1538443	2025-04-07	73	20	passage		AN ACT to amend Tennessee Code Annotated, Title 49, Chapter 6, Part 13, relative to the Success Sequence Act.
SB0503	house	1551037	2025-04-16	70	22	passage		AN ACT to amend Tennessee Code Annotated, Title 4, Chapter 1, Part 4, relative to months of observance.
SB0525	house	1543720	2025-04-10	73	22	passage		AN ACT to amend Tennessee Code Annotated, Title 2; Title 5; Title 6; Title 7 and Title 20, Chapter 18, relative to ballot measures.
SB0547	house	1552031	2025-04-17	73	23	passage		AN ACT to amend Tennessee Code Annotated, Title 40, relative to public safety.
SB0626	house	1550047	2025-04-16	72	22	passage		AN ACT to amend Tennessee Code Annotated, Title 2, relative to elections.
SB0669	house	1517367	2025-03-13	70	19	passage		AN ACT to amend Tennessee Code Annotated, Title 7 and Title 68, relative to the world health organization.
SB0670	house	1553646	2025-04-21	71	21	passage	batch-01	AN ACT to amend Tennessee Code Annotated, Title 4; Title 11, Chapter 14, Part 4; Title 66; Title 67, Chapter 4, Part 4 and Title 69, relative to wetla
SB0674	house	1641638	2026-02-23	70	22	passage	batch-03	AN ACT to amend Tennessee Code Annotated, Title 7 and Title 50, relative to the regulation of employment.
SB0688	house	1550166	2025-04-16	67	20	passage		AN ACT to amend Tennessee Code Annotated, Title 49, Chapter 1; Title 49, Chapter 3 and Title 49, Chapter 5, relative to the state board of education's
SB0690	house	1528866	2025-03-27	73	22	passage		AN ACT to amend Tennessee Code Annotated, Title 49, relative to virtual school students.
SB0694	house	1519163	2025-03-17	61	26	passage	batch-02	AN ACT to amend Tennessee Code Annotated, Title 45, Chapter 5, relative to industrial loan and thrift companies.
SB0714	house	1553980	2025-04-22	63	30	passage		AN ACT to amend Tennessee Code Annotated, Title 4; Title 5; Title 6; Title 7 and Title 49, relative to education.
SB0714	house	1688333	2026-04-22	73	19	conference_report		AN ACT to amend Tennessee Code Annotated, Title 4; Title 5; Title 6; Title 7 and Title 49, relative to education.
SB0734	house	1524981	2025-03-24	58	22	passage		AN ACT to amend Tennessee Code Annotated, Section 7-4-202, relative to hotel occupancy taxes within metropolitan governments.
SB0750	house	1548654	2025-04-15	75	20	passage	batch-06	AN ACT to amend Tennessee Code Annotated, Title 4; Title 7; Title 8; Title 38 and Title 68, relative to illegal aliens.
SB0766	house	1536603	2025-04-03	48	27	passage	batch-04	AN ACT to amend Tennessee Code Annotated, Title 56, Chapter 37, relative to premium finance companies.
SB0799	house	1547660	2025-04-14	60	25	passage		AN ACT to amend Tennessee Code Annotated, Title 2, relative to elections.
SB0880	house	1538827	2025-04-07	74	22	passage	batch-03	AN ACT to amend Tennessee Code Annotated, Title 4, Chapter 5, relative to regulatory actions.
SB0950	house	1554724	2025-04-22	74	23	passage		AN ACT to amend Tennessee Code Annotated, Title 49, relative to education.
SB0955	house	1538800	2025-04-07	71	24	passage	batch-04	AN ACT to amend Tennessee Code Annotated, Title 63, relative to rights of conscience and free speech.
SB1004	house	1550532	2025-04-16	71	18	passage	batch-03	AN ACT to amend Tennessee Code Annotated, Title 4; Title 9; Title 29; Title 33; Title 37; Title 38; Title 39; Title 40; Title 53; Title 56; Title 62;
SB1018	house	1550370	2025-04-16	74	20	passage		AN ACT to amend Tennessee Code Annotated, Title 49, Chapter 13 and Title 49, Chapter 6, relative to public charter schools.
SB1019	house	1554346	2025-04-22	70	22	passage		AN ACT to amend Chapter __ of the Public Acts of 2025 (1st Ex. Sess. – SB 6001 / HB 6004); and Tennessee Code Annotated, Title 49, Chapter 13 and Titl
SB1034	house	1550583	2025-04-16	70	24	passage		AN ACT to amend Tennessee Code Annotated, Title 4, Chapter 1, Part 4, relative to Tennessee heritage protection.
SB1084	house	1554040	2025-04-22	72	25	passage	batch-01	"AN ACT to amend Tennessee Code Annotated, Title 4; Title 5; Title 6; Title 7; Title 8 and Title 49, Chapter 7, relative to the ""Dismantling DEI Depart"
SB1138	house	1553250	2025-04-21	71	22	passage		AN ACT to amend Tennessee Code Annotated, Title 7, Chapter 35; Title 7, Chapter 82 and Title 68, Chapter 221, relative to sewer systems.
SB1143	house	1550368	2025-04-16	74	23	passage		AN ACT to amend Tennessee Code Annotated, Title 2, relative to elections.
SB1146	house	1544841	2025-04-10	76	20	passage		AN ACT to amend Tennessee Code Annotated, Title 38; Title 53; Title 63 and Title 68, relative to psychotropic drugs.
SB1272	house	1547868	2025-04-14	72	22	passage		AN ACT, to amend Tennessee Code Annotated, Title 8, Chapter 50, Part 8; Title 49, Chapter 1, Part 6; Title 49, Chapter 1, Part 9; Title 49, Chapter 10
SB1272	house	1548489	2025-04-15	70	23	passage		AN ACT, to amend Tennessee Code Annotated, Title 8, Chapter 50, Part 8; Title 49, Chapter 1, Part 6; Title 49, Chapter 1, Part 9; Title 49, Chapter 10
SB1274	house	1551175	2025-04-17	73	23	passage		AN ACT to amend Tennessee Code Annotated, Title 68, Chapter 203, Part 1 and Title 68, Chapter 211, Part 1, relative to environmental regulatory progra
SB1310	house	1547476	2025-04-14	70	19	passage		AN ACT to amend Tennessee Code Annotated, Title 49, Chapter 13, relative to charter schools.
SB1360	house	1548823	2025-04-15	72	20	passage	batch-01	AN ACT to amend Tennessee Code Annotated, Title 29, Chapter 42 and Title 39, relative to weapons.
SB1464	house	1670926	2026-03-26	70	19	passage	batch-06	AN ACT to amend Tennessee Code Annotated, Title 4; Title 5; Title 6; Title 7; Title 8; Title 10; Title 38; Title 39; Title 40; Title 41 and Chapter 25
SB1473	house	1677102	2026-04-06	56	26	passage		AN ACT to amend Tennessee Code Annotated, Title 6; Title 7; Title 13; Title 16, Chapter 18 and Title 29, Chapter 3, relative to violations of municipa
SB1558	house	1663643	2026-03-16	67	21	passage		AN ACT to amend Tennessee Code Annotated, Title 4, Chapter 29 and Title 49, Chapter 13, relative to the Tennessee public charter school commission.
SB1585	house	1689491	2026-04-23	54	39	passage		AN ACT to amend Tennessee Code Annotated, Title 4; Title 9; Title 12; Title 48; Title 49 and Title 67, relative to education.
SB1585	senate	1688641	2026-04-22	16	14	passage		AN ACT to amend Tennessee Code Annotated, Title 4; Title 9; Title 12; Title 48; Title 49 and Title 67, relative to education.
SB1587	house	1687313	2026-04-21	73	20	passage	batch-06	AN ACT to amend Tennessee Code Annotated, Title 55, Chapter 50, relative to unlawful presence in the United States.
SB1603	house	1681193	2026-04-13	73	22	passage		AN ACT to amend Tennessee Code Annotated, Title 4; Title 9; Title 24; Title 29; Title 33; Title 38; Title 39; Title 40; Title 41; Title 43; Title 45;
SB1603	senate	1670760	2026-03-26	21	12	passage		AN ACT to amend Tennessee Code Annotated, Title 4; Title 9; Title 24; Title 29; Title 33; Title 38; Title 39; Title 40; Title 41; Title 43; Title 45;
SB1619	house	1675750	2026-04-02	72	23	passage		AN ACT to amend Tennessee Code Annotated, Title 2, relative to elections.
SB1665	house	1686750	2026-04-21	70	18	passage		AN ACT to amend Tennessee Code Annotated, Title 8, Chapter 50; Title 49, Chapter 7, Part 24 and Title 49, Chapter 6, Part 51, relative to the use of h
SB1667	house	1687816	2026-04-22	68	22	passage		AN ACT to amend Tennessee Code Annotated, Title 29; Title 55 and Title 56, relative to motor vehicle financial responsibility.
SB1668	house	1686671	2026-04-21	63	18	passage		AN ACT to amend Tennessee Code Annotated, Title 6 and Title 7, relative to penalties for violations of ordinances.
SB1680	house	1646473	2026-02-26	58	20	passage		AN ACT to amend Tennessee Code Annotated, Section 67-1-202(a)(1), relative to duties of the division of property assessments.
SB1713	house	1687321	2026-04-21	66	20	passage	batch-01	AN ACT to amend Tennessee Code Annotated, Title 4; Title 5; Title 6; Title 7 and Title 49, relative to discriminatory preferences.
SB1723	house	1686889	2026-04-21	60	28	passage		AN ACT to amend Tennessee Code Annotated, Title 4; Title 10 and Title 49, relative to the Tennessee Education Lottery Corporation.
SB1731	house	1661714	2026-03-12	55	28	passage		AN ACT to amend Tennessee Code Annotated, Title 27, Chapter 1, relative to appeals.
SB1732	house	1677061	2026-04-06	73	21	passage		AN ACT to amend Tennessee Code Annotated, Title 15, Chapter 2, relative to days of special observance.
SB1735	house	1661644	2026-03-12	68	17	passage		AN ACT to amend Tennessee Code Annotated, Title 47, relative to consumer protection.
SB1741	house	1681185	2026-04-13	74	22	passage		AN ACT to amend Tennessee Code Annotated, Title 49, relative to public institutions of higher education.
SB1747	house	1686897	2026-04-21	46	29	passage	superseded	AN ACT to amend Tennessee Code Annotated, Title 39, relative to the discharge of a firearm.
SB1747	house	1688346	2026-04-22	63	18	passage	batch-04	AN ACT to amend Tennessee Code Annotated, Title 39, relative to the discharge of a firearm.
SB1748	house	1685964	2026-04-20	73	21	passage		AN ACT to amend Tennessee Code Annotated, Title 55 and Title 65, Chapter 15, relative to commercial driver licenses.
SB1762	house	1688380	2026-04-22	72	18	passage		AN ACT to amend Tennessee Code Annotated, Title 4 and Title 49, relative to education.
SB1782	house	1663617	2026-03-16	72	21	passage		AN ACT to amend Tennessee Code Annotated, Title 55, Chapter 8, relative to electric bicycles.
SB1788	house	1676934	2026-04-06	76	20	passage	batch-05	AN ACT to amend Tennessee Code Annotated, Title 5; Title 6; Title 7 and Title 71, Chapter 5, relative to the relocation of homeless persons.
SB1822	house	1681288	2026-04-13	57	29	passage		AN ACT to amend Tennessee Code Annotated, Title 49, relative to interscholastic athletics.
SB1828	house	1673306	2026-03-30	70	22	passage		AN ACT to amend Tennessee Code Annotated, Title 49, relative to education.
SB1840	house	1678971	2026-04-08	58	30	passage	batch-05	AN ACT to amend Tennessee Code Annotated, Title 28; Title 39 and Title 40, relative to statutes of limitations.
SB1847	house	1689500	2026-04-23	62	24	passage		AN ACT to amend Tennessee Code Annotated, Title 39, relative to the defense of property.
SB1858	house	1682315	2026-04-14	76	20	passage	batch-04	AN ACT to amend Tennessee Code Annotated, Title 20, Chapter 18, relative to civil procedure.
SB1864	house	1677333	2026-04-07	71	22	passage		AN ACT to amend Tennessee Code Annotated, Title 62, Chapter 35, relative to private security.
SB1868	house	1687339	2026-04-21	59	25	passage	batch-05	AN ACT to amend Tennessee Code Annotated, Title 37, Chapter 1, Part 1, relative to children.
SB1868	senate	1685056	2026-04-15	22	11	passage	batch-05	AN ACT to amend Tennessee Code Annotated, Title 37, Chapter 1, Part 1, relative to children.
SB1880	house	1671466	2026-03-26	68	24	passage		AN ACT to amend Tennessee Code Annotated, Title 4, Chapter 29; Title 4, Chapter 3, Part 20 and Section 38-3-114, relative to the office of homeland se
SB1881	house	1681367	2026-04-13	63	24	passage		AN ACT to amend Tennessee Code Annotated, Title 10, Chapter 7, Part 5, relative to confidentiality of department of safety records.
SB1883	house	1677342	2026-04-07	75	20	passage		AN ACT to amend Tennessee Code Annotated, Title 60; Title 68 and Title 69, relative to contested cases.
SB1890	house	1673377	2026-03-30	72	18	passage		AN ACT to amend Tennessee Code Annotated, Title 49, relative to the history of communism.
SB1891	house	1663904	2026-03-16	75	19	passage		AN ACT to amend Chapter 7 of the Public Acts of the First Extraordinary Session of 2025, relative to the Education Freedom Act of 2025.
SB1915	house	1687306	2026-04-21	73	21	passage	batch-01	AN ACT to amend Tennessee Code Annotated, Title 4, Chapter 1 and Title 4, Chapter 58, relative to public benefits.
SB1915	senate	1688578	2026-04-22	24	6	concurrence	batch-01	AN ACT to amend Tennessee Code Annotated, Title 4, Chapter 1 and Title 4, Chapter 58, relative to public benefits.
SB1964	house	1686826	2026-04-21	68	17	passage		AN ACT to amend Tennessee Code Annotated, Title 68, Chapter 104, relative to fireworks.
SB1968	house	1682983	2026-04-15	66	24	passage		AN ACT to amend Tennessee Code Annotated, Title 37, Chapter 1, Part 1; Title 49, Chapter 1; Title 49, Chapter 2 and Title 49, Chapter 6, relative to a
SB2028	senate	1661451	2026-03-12	24	7	passage		AN ACT to amend Tennessee Code Annotated, Section 39-17-1314; Section 70-1-206 and Section 70-4-107, relative to the authority of the Tennessee fish a
SB2031	house	1675998	2026-04-02	72	19	passage	batch-04	AN ACT to amend Tennessee Code Annotated, Title 29; Title 63 and Title 68, relative to private causes of action.
SB2040	senate	1686179	2026-04-20	24	9	passage	batch-01	AN ACT to amend Tennessee Code Annotated, Title 63, relative to the ownership or control of pharmacies by pharmacy benefits managers.
SB2077	house	1676077	2026-04-02	73	20	passage		AN ACT to amend Tennessee Code Annotated, Section 49-3-113, relative to designees.
SB2087	house	1681764	2026-04-14	57	32	passage		AN ACT to amend Tennessee Code Annotated, Title 49, relative to parental notification of classroom evacuations.
SB2088	house	1681713	2026-04-14	76	21	passage		AN ACT to amend Tennessee Code Annotated, Title 38; Title 40; Title 53; Title 63 and Title 68, relative to psychotropic drugs.
SB2102	house	1685915	2026-04-20	66	23	passage		AN ACT to amend Tennessee Code Annotated, Title 4; Title 5; Title 6; Title 7; Title 8; Title 12; Title 13; Title 54; Title 64; Title 65; Title 68 and
SB2102	house	1689655	2026-04-23	64	22	conference_report		AN ACT to amend Tennessee Code Annotated, Title 4; Title 5; Title 6; Title 7; Title 8; Title 12; Title 13; Title 54; Title 64; Title 65; Title 68 and
SB2102	senate	1686374	2026-04-20	21	11	passage		AN ACT to amend Tennessee Code Annotated, Title 4; Title 5; Title 6; Title 7; Title 8; Title 12; Title 13; Title 54; Title 64; Title 65; Title 68 and
SB2136	house	1686708	2026-04-21	67	20	passage		AN ACT to amend Tennessee Code Annotated, Title 4; Title 4, Chapter 49; Title 8, Chapter 6, Part 4; Title 40, Chapter 2 and Title 47, relative to ille
SB2201	house	1677582	2026-04-07	67	18	passage		AN ACT to amend Tennessee Code Annotated, Title 37; Title 49, Chapter 6, Part 30 and Title 55, Chapter 10, relative to truancy.
SB2201	senate	1673488	2026-03-30	26	7	passage		AN ACT to amend Tennessee Code Annotated, Title 37; Title 49, Chapter 6, Part 30 and Title 55, Chapter 10, relative to truancy.
SB2205	house	1681032	2026-04-13	69	23	passage		AN ACT to amend Tennessee Code Annotated, relative to transportation infrastructure projects.
SB2206	house	1673212	2026-03-30	75	19	passage		AN ACT to amend Tennessee Code Annotated, Title 4; Title 9 and Title 49, relative to the federal tax credit for contributions made to certain scholars
SB2222	house	1671320	2026-03-26	71	20	passage	batch-02	AN ACT to amend Tennessee Code Annotated, Title 29; Title 38 and Title 50, relative to liability for actions of demonstrators.
SB2318	house	1687197	2026-04-21	65	18	passage		AN ACT to amend Tennessee Code Annotated, Title 49, relative to charter schools.
SB2324	house	1673352	2026-03-30	75	19	passage		AN ACT to amend Tennessee Code Annotated, Title 36 and Title 37, relative to children.
SB2348	house	1681950	2026-04-14	70	24	passage	batch-01	AN ACT to amend Tennessee Code Annotated, Title 10 and Title 49, relative to librarians.
SB2364	house	1666252	2026-03-19	70	18	passage		AN ACT to amend Tennessee Code Annotated, Title 4, Chapter 21, relative to the attorney general and reporter.
SB2403	house	1686752	2026-04-21	54	31	passage		AN ACT to amend Tennessee Code Annotated, Title 4, Chapter 29 and Title 49, relative to education.
SB2403	house	1689505	2026-04-23	68	18	conference_report		AN ACT to amend Tennessee Code Annotated, Title 4, Chapter 29 and Title 49, relative to education.
SB2412	house	1684544	2026-04-16	74	20	passage	batch-02	AN ACT to amend Tennessee Code Annotated, Title 4, Chapter 18; Title 29, Chapter 39 and Title 63, Chapter 6, Part 11, relative to civil actions.
SB2441	house	1681381	2026-04-13	69	21	passage		AN ACT to amend Tennessee Code Annotated, Title 49, relative to virtual schools.
SB2459	house	1683417	2026-04-15	72	23	passage	batch-04	AN ACT to amend Tennessee Code Annotated, Title 37, relative to the department of children's services.
SB2473	house	1685997	2026-04-20	70	22	passage		AN ACT to amend Tennessee Code Annotated, Title 4; Title 7 and Title 42, relative to airport authorities.
SB2473	house	1689485	2026-04-23	73	21	passage		AN ACT to amend Tennessee Code Annotated, Title 4; Title 7 and Title 42, relative to airport authorities.
SB2473	senate	1681442	2026-04-13	25	8	passage		AN ACT to amend Tennessee Code Annotated, Title 4; Title 7 and Title 42, relative to airport authorities.
SB2641	house	1688364	2026-04-22	67	24	passage		AN ACT to amend Tennessee Code Annotated, Title 9, Chapter 4, relative to investments.
SB6002	house	1477617	2025-01-30	72	21	passage	batch-02	AN ACT to amend Tennessee Code Annotated, Title 2; Title 4; Title 5; Title 6; Title 7; Title 8 and Title 55, relative to non-United States citizens.
SB6002	senate	1476571	2025-01-29	26	7	passage	batch-02	AN ACT to amend Tennessee Code Annotated, Title 2; Title 4; Title 5; Title 6; Title 7; Title 8 and Title 55, relative to non-United States citizens.
SJR0006	house	1489227	2025-02-13	71	18	concurrence		A RESOLUTION to honor and commend the October 7th Coalition and Patricia Heaton.
SJR0539	house	1623161	2026-02-04	70	18	passage		A RESOLUTION to honor the memory of Charlie Kirk.
