measure	bill_type	chamber	vote_date	roll	yea	nay	disposition	title
HB 10	B	senate	2025-04-23	1555651	39	11	dropped:filter-5	Long-range information technology appropriations
HB 102	B	house	2025-01-24	1481443	60	38	dropped:filter-5	Revise laws related to public defenders for clarity
HB 105	B	senate	2025-03-18	1519799	34	15	dropped:filter-5	Revise laws related to game bird farms
HB 107	B	senate	2025-03-19	1521731	32	18	dropped:filter-5	Revising licensing requirements for commercial activities regulated by FWP
HB 115	B	house	2025-01-22	1481488	76	24	dropped:filter-5	Revise Montana code annotated publishing laws related to code commissioner duties
HB 12	B	house	2025-03-19	1521291	70	28	superseded:later-roll-used	Montana historic preservation grants
HB 12	B	house	2025-04-29	1559919	70	29	dropped:filter-5	Montana historic preservation grants
HB 12	B	senate	2025-04-24	1557215	39	10	dropped:filter-5	Montana historic preservation grants
HB 121	B	house	2025-01-16	1481625	58	41	batch-01	Provide privacy in certain restrooms, changing rooms, and sleeping quarters
HB 121	B	senate	2025-02-11	1486495	32	18	batch-01	Provide privacy in certain restrooms, changing rooms, and sleeping quarters
HB 122	B	house	2025-01-29	1481638	76	24	dropped:filter-5	Revise right-of-way laws
HB 122	B	senate	2025-04-08	1540610	31	17	dropped:filter-5	Revise right-of-way laws
HB 123	B	senate	2025-04-09	1542212	26	22	dropped:filter-5	Revise alcohol laws relating to self-service
HB 127	B	senate	2025-04-02	1534382	36	14	dropped:filter-5	Revise laws related to the fire suppression account
HB 128	B	senate	2025-04-01	1532853	35	15	batch-16	Protect volunteer emergency service providers from termination
HB 129	B	senate	2025-04-24	1557141	32	18	batch-16	Provide income tax benefit to support emergency response volunteers
HB 13	B	house	2025-01-27	1481194	71	27	dropped:filter-5	State Employee Pay Plan
HB 13	B	senate	2025-03-20	1523179	38	12	dropped:filter-5	State Employee Pay Plan
HB 141	B	senate	2025-04-09	1542103	34	15	unbatched	Revise laws relating to raffles conducted by certain nonprofit entities to allow credit cards
HB 142	B	house	2025-01-27	1481685	54	44	unbatched	Revise laws relating to interim committees
HB 142	B	senate	2025-03-28	1530074	32	16	unbatched	Revise laws relating to interim committees
HB 144	B	senate	2025-03-20	1522978	31	19	dropped:filter-5	Revise building code council membership laws
HB 146	B	senate	2025-03-24	1525221	40	10	unbatched	Revise hunting license fees to include cranes and swans
HB 147	B	senate	2025-04-16	1549880	34	16	unbatched	Revise laws related to covenants to provide definition of enforcement action
HB 15	B	house	2025-01-27	1481075	78	20	held:legiscan-vote-defect	Implement K-12 Inflation
HB 15	B	senate	2025-03-21	1524072	33	17	batch-10	Implement K-12 Inflation
HB 157	B	senate	2025-03-24	1525010	40	10	unbatched	Revise alcohol laws related to responsible server and sales training
HB 159	B	senate	2025-03-20	1523736	37	13	unbatched	Revise rural improvement district laws to include maintenance of existing public improvements
HB 162	B	house	2025-01-31	1481782	79	20	superseded:later-roll-used	Revise definition of infrastructure for resort tax
HB 162	B	senate	2025-04-04	1537137	35	14	unbatched	Revise definition of infrastructure for resort tax
HB 165	B	senate	2025-03-26	1527866	37	13	unbatched	Notaries not required for vehicle title transfer
HB 167	B	senate	2025-03-17	1518996	31	18	dropped:filter-5	Generally revise election laws
HB 168	B	house	2025-04-05	1537640	64	34	batch-09	Provide state funding for preschool children with disabilities
HB 168	B	senate	2025-04-22	1554305	29	21	batch-09	Provide state funding for preschool children with disabilities
HB 171	B	senate	2025-04-07	1538324	35	14	unbatched	Eliminate Montana alfalfa seed committee
HB 173	B	house	2025-01-29	1481810	59	41	dropped:filter-5	Revise definition of victim in youth court act
HB 173	B	senate	2025-03-27	1529200	32	18	dropped:filter-5	Revise definition of victim in youth court act
HB 179	B	house	2025-02-04	1481813	58	42	batch-07	Revise election laws related to inactive voter status
HB 181	B	house	2025-01-23	1481839	80	20	unbatched	Provide authority for patrol officers to make arrests on capitol complex
HB 184	B	house	2025-01-30	1481846	78	22	unbatched	Modify language in the MCA that may diminish the dignity of individuals who are deaf or hard of hearing
HB 194	B	house	2025-02-03	1481877	71	28	dropped:filter-5	Generally revise laws related to juries
HB 197	B	house	2025-01-30	1481902	58	42	superseded:later-roll-used	Revising workers’ compensation laws relating to when the employee is released to return to work
HB 197	B	house	2025-03-20	1523909	59	39	batch-11	Revising workers’ compensation laws relating to when the employee is released to return to work
HB 197	B	senate	2025-03-17	1518988	35	14	batch-11	Revising workers’ compensation laws relating to when the employee is released to return to work
HB 2	B	house	2025-04-07	1538411	61	38	superseded:later-roll-used	General Appropriations Act
HB 2	B	house	2025-04-30	1562041	66	34	dropped:filter-5	General Appropriations Act
HB 2	B	senate	2025-04-23	1555295	27	23	dropped:filter-5	General Appropriations Act
HB 20	B	house	2025-01-23	1481040	63	37	superseded:later-roll-used	Require voted levies to be in dollars rather than mills
HB 20	B	house	2025-03-25	1526179	57	42	batch-06	Require voted levies to be in dollars rather than mills
HB 20	B	senate	2025-02-27	1501599	34	16	batch-06	Require voted levies to be in dollars rather than mills
HB 201	B	house	2025-02-04	1481928	59	41	superseded:later-roll-used	Require disclosure of paid signature gatherers for initiatives
HB 201	B	house	2025-04-01	1532267	57	42	batch-05	Require disclosure of paid signature gatherers for initiatives
HB 201	B	senate	2025-03-17	1519004	39	10	superseded:later-roll-used	Require disclosure of paid signature gatherers for initiatives
HB 201	B	senate	2025-04-04	1537129	27	22	batch-05	Require disclosure of paid signature gatherers for initiatives
HB 206	B	house	2025-01-31	1481938	59	40	superseded:later-roll-used	Revise electrical contractors presentation of license laws
HB 206	B	house	2025-04-11	1546484	62	37	unbatched	Revise electrical contractors presentation of license laws
HB 206	B	senate	2025-03-31	1531411	32	18	unbatched	Revise electrical contractors presentation of license laws
HB 207	B	house	2025-02-10	1485674	59	41	superseded:later-roll-used	Revise candidate filing and write-in candidate laws
HB 207	B	house	2025-04-17	1551996	63	36	batch-12	Revise candidate filing and write-in candidate laws
HB 211	B	senate	2025-03-18	1519648	37	12	unbatched	Revise alcohol laws
HB 214	B	house	2025-02-12	1487964	58	42	batch-04	Provide for prosecution of state crimes for persons subject to federal immigration detention
HB 214	B	senate	2025-03-24	1525087	32	18	batch-04	Provide for prosecution of state crimes for persons subject to federal immigration detention
HB 215	B	house	2025-02-06	1483359	58	41	unbatched	Revise laws on state appointments and vacancies of executive boards and commissions
HB 215	B	senate	2025-03-24	1525154	33	17	unbatched	Revise laws on state appointments and vacancies of executive boards and commissions
HB 218	B	house	2025-01-29	1481979	76	24	dropped:filter-5	Revising the practice of optometry to include certain laser procedures and in-office surgical procedures
HB 218	B	senate	2025-04-01	1533358	38	12	dropped:filter-5	Revising the practice of optometry to include certain laser procedures and in-office surgical procedures
HB 219	B	house	2025-02-05	1481970	57	43	unbatched	Generally revise hunting laws related to unlawful contest or prize
HB 219	B	senate	2025-03-27	1529320	31	19	unbatched	Generally revise hunting laws related to unlawful contest or prize
HB 227	B	senate	2025-04-01	1533546	35	15	unbatched	Establish a contingent litigation fund for occupational licensing boards and programs
HB 231	B	house	2025-02-27	1501661	68	30	superseded:later-roll-used	Revise property tax rates for certain property
HB 231	B	house	2025-04-30	1561886	60	39	batch-07	Revise property tax rates for certain property
HB 231	B	senate	2025-04-24	1557138	25	25	superseded:later-roll-used	Revise property tax rates for certain property
HB 231	B	senate	2025-04-25	1558093	25	24	superseded:later-roll-used	Revise property tax rates for certain property
HB 231	B	senate	2025-04-30	1562488	28	22	batch-07	Revise property tax rates for certain property
HB 233	B	house	2025-02-11	1486213	63	36	dropped:filter-5	Provide for transfer of title of open spaces in final plat to HOA
HB 239	B	senate	2025-04-22	1553971	38	12	batch-11	Revise laws related to construction contractors
HB 24	B	house	2025-01-21	1480872	79	20	dropped:filter-5	Clarify laws related to kindergarten
HB 245	B	house	2025-02-10	1485363	63	37	batch-12	Revise the Montana HELP Act workforce development provisions and termination date
HB 245	B	senate	2025-02-27	1501769	30	20	batch-12	Revise the Montana HELP Act workforce development provisions and termination date
HB 254	B	senate	2025-03-31	1531011	34	16	batch-11	Eliminate fingerprint background check requirements for professional employer organization
HB 259	B	house	2025-02-25	1499043	56	44	superseded:later-roll-used	Revise fish and wildlife  commission techniques for gray wolf management
HB 259	B	house	2025-04-11	1546150	56	43	batch-08	Revise fish and wildlife  commission techniques for gray wolf management
HB 259	B	senate	2025-03-31	1531438	32	18	batch-08	Revise fish and wildlife  commission techniques for gray wolf management
HB 264	B	senate	2025-04-07	1538477	32	17	dropped:filter-5	Generally revise wildlife location data subject to public information requests
HB 266	B	house	2025-04-15	1549159	77	20	dropped:filter-5	Establish education inflation reconciliation process
HB 266	B	senate	2025-04-02	1534942	31	19	dropped:filter-5	Establish education inflation reconciliation process
HB 268	B	house	2025-02-06	1483807	60	39	unbatched	Generally revise notification requirements related to the registration of sexual and violent offenders
HB 270	B	house	2025-04-15	1548325	64	33	batch-11	Revise remedies to MEPA
HB 278	B	house	2025-02-12	1488434	60	40	batch-01	Require peace officer to check and report immigration status during lawful stop
HB 278	B	senate	2025-04-01	1533387	30	20	batch-01	Require peace officer to check and report immigration status during lawful stop
HB 28	B	house	2025-01-17	1480903	73	25	dropped:filter-5	Clarify timelines and opening procedures for public charter schools
HB 284	B	house	2025-02-21	1496525	59	39	superseded:later-roll-used	Establish an interim committee to investigate civil rights violations and censorship within the MUS
HB 284	B	house	2025-04-17	1551835	58	41	held:legiscan-vote-defect	Establish an interim committee to investigate civil rights violations and censorship within the MUS
HB 284	B	senate	2025-04-14	1547358	29	19	unbatched	Establish an interim committee to investigate civil rights violations and censorship within the MUS
HB 285	B	house	2025-02-13	1489394	57	42	superseded:later-roll-used	Generally revise Montana environmental policy act
HB 285	B	house	2025-04-15	1548641	63	34	batch-04	Generally revise Montana environmental policy act
HB 285	B	senate	2025-04-04	1537318	31	18	batch-04	Generally revise Montana environmental policy act
HB 291	B	house	2025-02-18	1491902	61	38	batch-02	Revise laws related to air quality standards
HB 291	B	senate	2025-04-04	1537295	30	19	batch-02	Revise laws related to air quality standards
HB 3	B	house	2025-01-28	1481149	70	29	superseded:later-roll-used	Supplemental Appropriations Bill
HB 3	B	house	2025-03-21	1524132	51	45	dropped:filter-5	Supplemental Appropriations Bill
HB 3	B	senate	2025-03-15	1518248	27	22	dropped:filter-5	Supplemental Appropriations Bill
HB 300	B	house	2025-02-06	1483327	57	42	batch-06	Generally revise laws related to discrimination in education
HB 300	B	senate	2025-03-20	1522954	32	18	batch-06	Generally revise laws related to discrimination in education
HB 311	B	house	2025-03-07	1508672	67	32	superseded:later-roll-used	Require the refund of rental application fees
HB 311	B	house	2025-04-15	1549032	68	29	batch-10	Require the refund of rental application fees
HB 311	B	senate	2025-04-08	1540633	34	14	batch-10	Require the refund of rental application fees
HB 312	B	house	2025-02-12	1487891	78	22	unbatched	Revise speed limit laws
HB 329	B	house	2025-03-28	1530365	51	48	superseded:later-roll-used	Make the Montana ammunition act permanent
HB 329	B	house	2025-04-30	1562426	55	45	dropped:filter-5	Make the Montana ammunition act permanent
HB 329	B	senate	2025-04-14	1547688	34	14	superseded:later-roll-used	Make the Montana ammunition act permanent
HB 332	B	house	2025-02-19	1494275	66	34	dropped:filter-5	Generally revise youth court laws
HB 332	B	senate	2025-04-11	1545985	30	18	dropped:filter-5	Generally revise youth court laws
HB 337	B	house	2025-04-02	1535087	55	40	batch-01	Revise income tax laws to lower income taxes
HB 337	B	senate	2025-04-22	1554357	34	16	batch-01	Revise income tax laws to lower income taxes
HB 338	B	senate	2025-04-11	1546110	32	16	batch-10	Revise laws regarding targeted early numeracy intervention
HB 342	B	house	2025-02-13	1489730	57	42	batch-11	Revise civil liability laws to provide a statutory duty of care for certain actions
HB 342	B	senate	2025-04-09	1542136	32	17	batch-11	Revise civil liability laws to provide a statutory duty of care for certain actions
HB 343	B	house	2025-03-05	1505800	56	42	dropped:filter-5	Require schools to provide religious instruction released time program
HB 343	B	senate	2025-04-18	1552256	31	19	dropped:filter-5	Require schools to provide religious instruction released time program
HB 344	B	house	2025-02-19	1494138	62	38	superseded:later-roll-used	Revise criminal laws.
HB 344	B	house	2025-04-15	1548471	68	29	batch-11	Revise criminal laws.
HB 344	B	senate	2025-04-02	1534593	36	14	batch-11	Revise criminal laws.
HB 348	B	house	2025-02-22	1497139	65	32	dropped:filter-5	Revise special session polling laws
HB 348	B	senate	2025-04-22	1554343	29	21	dropped:filter-5	Revise special session polling laws
HB 349	B	senate	2025-04-15	1549233	35	15	unbatched	Revise TRS laws related to reemployment
HB 350	B	house	2025-02-20	1496092	57	42	unbatched	Prohibit enforcement of policies issued by certain intergovernmental entities
HB 350	B	senate	2025-04-11	1546438	32	16	unbatched	Prohibit enforcement of policies issued by certain intergovernmental entities
HB 352	B	senate	2025-04-03	1536334	35	15	dropped:filter-5	Revise child support guideline laws and establish a committee
HB 354	B	house	2025-02-28	1502361	67	31	dropped:filter-5	Revise penalties for criminal trespass while fishing, trapping, hunting, or collecting antlers/sheds/horns
HB 358	B	senate	2025-04-12	1546696	37	13	unbatched	Generally revise pension laws related to the Volunteer Firefighters' Compensation Act
HB 365	B	house	2025-02-19	1494271	57	43	unbatched	Revise laws relating to attorney fees and costs based on legislative conduct
HB 365	B	senate	2025-04-14	1547627	31	17	unbatched	Revise laws relating to attorney fees and costs based on legislative conduct
HB 372	B	senate	2025-04-23	1555843	31	19	unbatched	Revise license fees used for funding of upland game bird enhancement program
HB 388	B	house	2025-02-21	1496775	57	41	batch-01	Create pregnancy center autonomy and rights of expression act
HB 388	B	senate	2025-04-12	1546604	31	19	batch-01	Create pregnancy center autonomy and rights of expression act
HB 39	B	house	2025-01-15	1481006	57	43	batch-05	Repeal law disallowing parties from contributing to judicial candidates
HB 39	B	senate	2025-02-15	1490713	25	23	batch-05	Repeal law disallowing parties from contributing to judicial candidates
HB 393	B	house	2025-02-24	1497876	69	30	batch-12	Require towns to record meetings in audio format
HB 393	B	senate	2025-04-14	1547354	37	11	batch-12	Require towns to record meetings in audio format
HB 396	B	house	2025-03-04	1504413	60	39	batch-09	Generally revise bail laws
HB 396	B	senate	2025-04-24	1557490	32	18	batch-09	Generally revise bail laws
HB 399	B	senate	2025-04-03	1535825	38	12	batch-12	Revise prior authorization laws
HB 4	B	house	2025-04-29	1560013	73	26	dropped:filter-5	Appropriations by budget amendment
HB 4	B	senate	2025-04-24	1557362	30	20	dropped:filter-5	Appropriations by budget amendment
HB 400	B	house	2025-02-21	1496472	56	42	batch-04	"Enact the ""Free to Speak Act"""
HB 400	B	senate	2025-04-11	1546074	28	20	batch-04	"Enact the ""Free to Speak Act"""
HB 401	B	house	2025-03-06	1507314	64	35	dropped:filter-5	Prohibit the sale of lab-grown meat in the state of Montana
HB 401	B	senate	2025-04-14	1547388	34	14	dropped:filter-5	Prohibit the sale of lab-grown meat in the state of Montana
HB 406	B	house	2025-02-24	1504422	72	27	superseded:later-roll-used	Revise election laws related to school election deadlines
HB 409	B	house	2025-02-20	1495641	57	42	superseded:later-roll-used	Revise injunction laws
HB 409	B	house	2025-03-21	1524065	58	39	unbatched	Revise injunction laws
HB 409	B	senate	2025-03-18	1520594	31	18	unbatched	Revise injunction laws
HB 411	B	house	2025-03-26	1528094	56	43	unbatched	Exempt agricultural property from open space levies
HB 411	B	senate	2025-04-22	1554841	38	12	unbatched	Exempt agricultural property from open space levies
HB 413	B	house	2025-02-27	1501539	56	42	batch-05	Revise election laws regarding residency
HB 413	B	senate	2025-04-11	1545872	30	18	batch-05	Revise election laws regarding residency
HB 415	B	house	2025-02-21	1496478	63	35	dropped:filter-5	Revise laws on a judge's ability to provide bail to certain defendants
HB 415	B	senate	2025-04-14	1547363	34	14	dropped:filter-5	Revise laws on a judge's ability to provide bail to certain defendants
HB 416	B	house	2025-02-26	1500714	56	44	batch-14	Require homeowners' associations to seek permission for entry on real property
HB 421	B	senate	2025-04-24	1557114	37	13	unbatched	Increase DNRC fire assessment fees
HB 423	B	senate	2025-04-14	1547202	31	17	dropped:filter-5	Revise election laws related to active and inactive voter lists
HB 427	B	house	2025-03-01	1503077	57	40	superseded:later-roll-used	Require government to provide certain building code text or citation causing delay or stop
HB 427	B	house	2025-04-16	1550413	61	37	batch-10	Require government to provide certain building code text or citation causing delay or stop
HB 427	B	senate	2025-04-07	1538689	39	10	batch-10	Require government to provide certain building code text or citation causing delay or stop
HB 43	B	senate	2025-02-24	1497732	30	19	dropped:filter-5	Generally revise motor vehicle traffic regulation laws
HB 430	B	house	2025-02-22	1497173	75	23	unbatched	Repeal process to establish county owned scales
HB 442	B	senate	2025-04-14	1546894	30	18	unbatched	Revise laws regarding reporting requirements for certain professional occupations
HB 443	B	house	2025-03-03	1503739	63	35	unbatched	Repeal county licensing of transient retail merchants
HB 446	B	house	2025-03-01	1502973	52	45	superseded:later-roll-used	Revise indecent exposure laws
HB 446	B	house	2025-04-22	1553701	60	38	superseded:later-roll-used	Revise indecent exposure laws
HB 446	B	house	2025-04-29	1560255	50	49	unbatched	Revise indecent exposure laws
HB 446	B	senate	2025-04-12	1546649	29	21	superseded:later-roll-used	Revise indecent exposure laws
HB 446	B	senate	2025-04-29	1560256	31	19	unbatched	Revise indecent exposure laws
HB 46	B	house	2025-01-21	1480950	77	22	dropped:filter-5	Revise change of attorney laws for public defenders
HB 466	B	senate	2025-04-14	1546924	38	10	batch-11	Provide categorical exclusions from MEPA
HB 467	B	house	2025-02-25	1499519	64	36	batch-11	Revise DUI testing to include oral fluids
HB 467	B	senate	2025-04-14	1547317	38	10	batch-11	Revise DUI testing to include oral fluids
HB 471	B	house	2025-03-06	1507017	56	42	batch-04	Revise education laws related to human sexuality and identity instruction
HB 471	B	senate	2025-04-10	1543602	28	20	batch-04	Revise education laws related to human sexuality and identity instruction
HB 476	B	house	2025-03-18	1520054	74	24	batch-12	Establish grant program for newborn safety devices
HB 476	B	senate	2025-04-14	1547222	32	16	batch-12	Establish grant program for newborn safety devices
HB 480	B	house	2025-02-28	1502464	58	40	superseded:later-roll-used	Revise when a party in a proceeding is entitled to jury trial
HB 480	B	house	2025-04-16	1550008	48	50	superseded:later-roll-used	Revise when a party in a proceeding is entitled to jury trial
HB 480	B	house	2025-04-18	1552088	50	49	dropped:filter-5	Revise when a party in a proceeding is entitled to jury trial
HB 480	B	senate	2025-04-07	1538630	32	17	dropped:filter-5	Revise when a party in a proceeding is entitled to jury trial
HB 486	B	senate	2025-04-14	1547687	32	16	unbatched	Revise county deputy sheriff compensation
HB 492	B	house	2025-03-03	1503251	58	40	superseded:later-roll-used	Revise municipal zoning laws related to parking requirements
HB 492	B	house	2025-04-17	1551775	73	26	batch-09	Revise municipal zoning laws related to parking requirements
HB 495	B	house	2025-03-01	1502984	57	40	dropped:filter-5	Repeal federal mandates act
HB 495	B	house	2025-04-17	1551546	58	41	dropped:filter-5	Repeal federal mandates act
HB 495	B	senate	2025-04-11	1546419	33	15	dropped:filter-5	Repeal federal mandates act
HB 499	B	house	2025-04-05	1537646	62	36	batch-16	Extend the grow your own grant program
HB 499	B	senate	2025-04-22	1553710	29	21	batch-16	Extend the grow your own grant program
HB 509	B	house	2025-03-05	1505964	67	31	batch-01	Revise the quality educator loan forgiveness program to expand eligibility
HB 509	B	senate	2025-04-14	1546910	38	10	batch-01	Revise the quality educator loan forgiveness program to expand eligibility
HB 515	B	house	2025-04-05	1537661	73	25	superseded:later-roll-used	Generally revise laws relating to school facilities consolidating two existing state special revenue accounts
HB 515	B	house	2025-04-25	1557972	80	20	batch-10	Generally revise laws relating to school facilities consolidating two existing state special revenue accounts
HB 515	B	senate	2025-04-22	1553789	29	21	batch-10	Generally revise laws relating to school facilities consolidating two existing state special revenue accounts
HB 516	B	senate	2025-04-12	1546731	39	11	dropped:filter-5	Move workers' compensation court to judicial branch
HB 521	B	house	2025-03-07	1508658	58	41	unbatched	Generally revise civil liability laws
HB 521	B	senate	2025-04-14	1547802	34	14	unbatched	Generally revise civil liability laws
HB 523	B	house	2025-03-07	1508550	67	32	unbatched	Providing for disposition of abandoned graveyard lots
HB 531	B	house	2025-03-07	1508459	59	40	batch-12	Revise laws related to legislative rules
HB 531	B	senate	2025-04-10	1544837	29	19	batch-12	Revise laws related to legislative rules
HB 535	B	house	2025-03-05	1505667	62	36	dropped:filter-5	Revise the uniform criminal extradition act
HB 535	B	senate	2025-04-15	1549180	33	17	dropped:filter-5	Revise the uniform criminal extradition act
HB 543	B	senate	2025-04-17	1551129	31	19	batch-12	Repeal termination date on reporting and disclosure of violence against health care employees
HB 55	B	house	2025-01-21	1481165	74	25	superseded:later-roll-used	Revising public utility resource planning laws
HB 55	B	house	2025-04-22	1553264	63	35	batch-08	Revising public utility resource planning laws
HB 554	B	house	2025-03-06	1507155	57	42	dropped:filter-5	Remove FWP requirement to regulate wolves as furbearers or game animals
HB 554	B	senate	2025-04-15	1548525	29	21	dropped:filter-5	Remove FWP requirement to regulate wolves as furbearers or game animals
HB 56	B	senate	2025-04-15	1548543	29	20	batch-08	Establish ambulance provider assessment fee program
HB 562	B	senate	2025-04-15	1548387	29	21	dropped:filter-5	Eliminate certain agency reports
HB 571	B	house	2025-03-06	1507137	60	39	superseded:later-roll-used	Revise aeronautics laws related to the use of ADS–B information
HB 571	B	house	2025-04-16	1550784	66	32	unbatched	Revise aeronautics laws related to the use of ADS–B information
HB 571	B	senate	2025-04-08	1541164	30	18	unbatched	Revise aeronautics laws related to the use of ADS–B information
HB 573	B	senate	2025-04-15	1548715	30	20	batch-16	Revise transformational learning laws to create a phase II grant program
HB 575	B	house	2025-03-01	1503051	68	29	batch-11	Generally revise the proceedings in which a public defender may be assigned
HB 575	B	senate	2025-04-28	1559166	25	24	batch-11	Generally revise the proceedings in which a public defender may be assigned
HB 578	B	house	2025-03-06	1507053	58	41	dropped:filter-5	Generally revise laws related to restitution
HB 578	B	senate	2025-04-16	1550003	31	19	dropped:filter-5	Generally revise laws related to restitution
HB 582	B	house	2025-03-07	1508516	59	40	superseded:later-roll-used	Generally revise criminal law
HB 582	B	house	2025-04-16	1550192	59	39	dropped:filter-5	Generally revise criminal law
HB 582	B	senate	2025-04-08	1539790	31	17	dropped:filter-5	Generally revise criminal law
HB 586	B	house	2025-04-17	1551665	73	26	batch-16	Generally revise child safety restraint system laws
HB 586	B	senate	2025-04-03	1536708	30	20	batch-16	Generally revise child safety restraint system laws
HB 587	B	house	2025-03-07	1508574	55	44	batch-08	Revise mine reclamation laws
HB 587	B	senate	2025-04-16	1549929	32	18	batch-08	Revise mine reclamation laws
HB 588	B	house	2025-03-05	1506095	56	42	superseded:later-roll-used	Defining and regulating motorized scooters
HB 588	B	senate	2025-04-03	1536513	37	13	unbatched	Defining and regulating motorized scooters
HB 59	B	house	2025-04-25	1558131	57	43	batch-10	Revise board of water well contractors laws
HB 59	B	senate	2025-04-25	1558132	35	14	batch-10	Revise board of water well contractors laws
HB 591	B	house	2025-03-06	1507052	65	34	dropped:filter-5	Institute the celebrate freedom week in Montana's public schools
HB 591	B	senate	2025-04-15	1549210	37	13	dropped:filter-5	Institute the celebrate freedom week in Montana's public schools
HB 595	B	house	2025-03-07	1508565	61	38	dropped:filter-5	Revise qualifications for teachers of adult basic education or high school equivalency programs at state correctional institutions
HB 595	B	senate	2025-04-15	1549093	37	13	dropped:filter-5	Revise qualifications for teachers of adult basic education or high school equivalency programs at state correctional institutions
HB 599	B	house	2025-03-07	1508673	74	25	batch-10	Revise student data collection laws
HB 599	B	senate	2025-04-22	1553709	29	21	batch-10	Revise student data collection laws
HB 601	B	senate	2025-04-12	1546559	28	22	batch-12	Create online portal for community assisters related to Medicaid
HB 602	B	senate	2025-04-18	1552335	28	22	dropped:filter-5	Require school district personnel to inform board of trustees of reductions in force
HB 603	B	house	2025-03-06	1507044	68	31	dropped:filter-5	Eliminate attorney requirements on quasi-judicial boards
HB 603	B	senate	2025-04-15	1549207	36	14	dropped:filter-5	Eliminate attorney requirements on quasi-judicial boards
HB 61	B	senate	2025-02-25	1498741	38	11	dropped:filter-5	Revise inter-entity loan process
HB 611	B	senate	2025-04-15	1549226	32	18	unbatched	Generally revise salaries for certain elected officials
HB 612	B	house	2025-03-07	1508758	59	40	dropped:filter-5	Generally revise criminal procedure laws
HB 612	B	senate	2025-04-15	1548399	30	20	dropped:filter-5	Generally revise criminal procedure laws
HB 614	B	senate	2025-04-10	1543596	38	10	dropped:filter-5	Allow for the termination of certain county zoning districts
HB 62	B	senate	2025-04-09	1541568	32	16	dropped:filter-5	Generally revise laws related to the administration of MPERA
HB 621	B	senate	2025-04-07	1538792	37	12	unbatched	Allow a local first response entity to establish a peer support program
HB 623	B	house	2025-04-17	1551603	64	35	dropped:filter-5	Revise laws relating to nuclear energy
HB 625	B	house	2025-03-06	1507045	63	36	batch-16	Withhold entitlement share for non-compliance with child abuse reporting requirements
HB 625	B	senate	2025-04-15	1549184	30	20	batch-16	Withhold entitlement share for non-compliance with child abuse reporting requirements
HB 626	B	senate	2025-04-08	1539702	38	10	dropped:filter-5	Generally revise DUI laws
HB 636	B	senate	2025-04-11	1546218	35	13	dropped:filter-5	Generally revise marijuana laws
HB 638	B	house	2025-03-07	1508716	57	41	batch-06	Revise human rights laws
HB 638	B	senate	2025-04-15	1548414	31	19	batch-06	Revise human rights laws
HB 642	B	house	2025-03-07	1508506	57	42	unbatched	Revise civil liability laws
HB 642	B	senate	2025-04-15	1548408	34	16	unbatched	Revise civil liability laws
HB 650	B	house	2025-03-07	1508645	60	39	superseded:later-roll-used	Revise bonding laws to include broadband projects
HB 650	B	house	2025-04-17	1551989	61	38	batch-15	Revise bonding laws to include broadband projects
HB 655	B	house	2025-03-07	1508732	59	40	batch-16	Prohibit discriminatory action against persons providing adoption or foster care services
HB 655	B	senate	2025-04-08	1548839	29	19	batch-16	Prohibit discriminatory action against persons providing adoption or foster care services
HB 664	B	house	2025-03-07	1508647	69	30	batch-03	Repeal numeric nutrient standards
HB 664	B	senate	2025-04-15	1548853	34	16	batch-03	Repeal numeric nutrient standards
HB 665	B	senate	2025-04-16	1550431	36	14	batch-15	Preclude non-profit officers from personal liability for unpaid tax withholding
HB 667	B	senate	2025-04-07	1538595	32	17	unbatched	Revise labor laws relating to employers and public service
HB 668	B	senate	2025-04-11	1546383	33	15	unbatched	Revising alcohol law to prohibit certain licensees from offering gambling
HB 669	B	senate	2025-04-23	1578754	33	17	batch-16	Revise laws related to educating children receiving in-state inpatient treatment of serious emotional disturbances
HB 67	B	senate	2025-04-01	1532708	32	18	dropped:filter-5	Generally revise laws related to the administration of TRS
HB 679	B	house	2025-03-05	1505713	71	27	unbatched	Generally revised use of public equipment
HB 68	B	senate	2025-03-20	1522949	38	12	dropped:filter-5	Authorize county commissioners to initiate mandamus proceedings
HB 682	B	house	2025-03-07	1508614	57	42	superseded:later-roll-used	Generally revise laws regarding gender transition treatment
HB 682	B	house	2025-04-30	1562328	57	43	batch-04	Generally revise laws regarding gender transition treatment
HB 682	B	senate	2025-04-11	1545984	30	18	superseded:later-roll-used	Generally revise laws regarding gender transition treatment
HB 682	B	senate	2025-04-30	1562329	32	18	batch-04	Generally revise laws regarding gender transition treatment
HB 684	B	house	2025-03-07	1508646	64	35	superseded:later-roll-used	Eliminate deadline for water quality data review
HB 685	B	house	2025-03-07	1508453	56	43	batch-04	Feasibility allowance for nondegradation policy
HB 685	B	senate	2025-04-18	1552308	33	17	batch-04	Feasibility allowance for nondegradation policy
HB 687	B	house	2025-03-04	1504595	57	42	batch-01	Revise age of expanded Medicaid participants required to engage in community engagement activities
HB 687	B	senate	2025-04-12	1546748	32	18	batch-01	Revise age of expanded Medicaid participants required to engage in community engagement activities
HB 690	B	house	2025-03-07	1508728	57	42	batch-09	Generally revise laws related to child protection
HB 690	B	senate	2025-04-18	1552295	34	16	batch-09	Generally revise laws related to child protection
HB 694	B	house	2025-03-07	1508810	57	42	batch-16	Revise laws related to child abuse and neglect
HB 694	B	senate	2025-04-10	1545064	30	18	batch-16	Revise laws related to child abuse and neglect
HB 696	B	house	2025-03-07	1508522	63	36	dropped:filter-5	Revise laws relating to nuclear energy
HB 696	B	senate	2025-04-11	1546060	37	11	dropped:filter-5	Revise laws relating to nuclear energy
HB 703	B	house	2025-03-07	1508518	58	41	superseded:later-roll-used	Exempt GHG emissions analysis for appliances, vehicles, engines
HB 703	B	house	2025-04-18	1552315	61	37	batch-02	Exempt GHG emissions analysis for appliances, vehicles, engines
HB 703	B	senate	2025-04-11	1546422	36	12	batch-02	Exempt GHG emissions analysis for appliances, vehicles, engines
HB 710	B	senate	2025-04-22	1553597	32	18	unbatched	Generally revise laws related to the judiciary
HB 711	B	house	2025-03-07	1508630	57	42	batch-05	Prohibit selection of redistricting chair with recent major party contributions
HB 711	B	senate	2025-04-14	1547715	29	19	batch-05	Prohibit selection of redistricting chair with recent major party contributions
HB 714	B	house	2025-03-07	1508746	56	43	superseded:later-roll-used	Revise laws for divisions of land exempt from subdivision review
HB 714	B	house	2025-04-18	1552095	57	41	dropped:filter-5	Revise laws for divisions of land exempt from subdivision review
HB 719	B	house	2025-03-07	1508609	57	42	batch-05	Revise election laws related to an elector's date of birth
HB 719	B	senate	2025-04-22	1554827	32	18	batch-05	Revise election laws related to an elector's date of birth
HB 72	B	senate	2025-03-03	1503420	39	11	dropped:filter-5	Revise enlisted militia compensation for SAD
HB 723	B	house	2025-03-07	1508592	57	42	superseded:later-roll-used	Establish annual reporting requirements of infants born alive
HB 723	B	house	2025-04-18	1552116	58	41	batch-06	Establish annual reporting requirements of infants born alive
HB 723	B	senate	2025-04-12	1546591	31	19	batch-06	Establish annual reporting requirements of infants born alive
HB 726	B	house	2025-03-07	1508610	62	37	superseded:later-roll-used	Generally revise bail bonds laws
HB 726	B	house	2025-04-11	1546357	56	43	dropped:filter-5	Generally revise bail bonds laws
HB 736	B	house	2025-04-18	1552294	69	30	batch-08	Provide nutrient pollutant loading offsets
HB 74	B	house	2025-01-30	1481325	78	22	batch-11	Revising private fish pond and commercial take laws
HB 74	B	senate	2025-03-18	1519772	30	19	batch-11	Revising private fish pond and commercial take laws
HB 740	B	house	2025-04-18	1552120	63	35	batch-02	Revise laws relating to pharmacies, pharmacy benefit managers, and other entities
HB 740	B	senate	2025-04-12	1546636	39	11	batch-02	Revise laws relating to pharmacies, pharmacy benefit managers, and other entities
HB 742	B	house	2025-03-07	1508813	69	30	superseded:later-roll-used	Revise nuisance compliance laws
HB 742	B	house	2025-04-18	1552225	64	35	unbatched	Revise nuisance compliance laws
HB 742	B	senate	2025-04-08	1541092	30	18	unbatched	Revise nuisance compliance laws
HB 752	B	house	2025-03-07	1508656	59	40	superseded:later-roll-used	Prohibit access to child pornography in Montana
HB 756	B	house	2025-03-07	1508564	67	32	unbatched	Revise criteria for historic grant preservation program
HB 757	B	house	2025-03-07	1508576	62	37	unbatched	Revise criteria for cultural and arts grant program
HB 757	B	senate	2025-04-22	1553823	40	10	unbatched	Revise criteria for cultural and arts grant program
HB 759	B	house	2025-03-07	1508536	56	43	superseded:later-roll-used	Revise campaign finance laws
HB 759	B	house	2025-04-18	1552229	59	39	batch-04	Revise campaign finance laws
HB 759	B	senate	2025-04-12	1546667	40	10	batch-04	Revise campaign finance laws
HB 76	B	house	2025-01-17	1481328	69	29	superseded:later-roll-used	Generally revise laws related to the board of behavioral health
HB 76	B	house	2025-04-28	1558903	69	31	held:legiscan-vote-defect	Generally revise laws related to the board of behavioral health
HB 76	B	senate	2025-04-12	1546687	31	19	superseded:later-roll-used	Generally revise laws related to the board of behavioral health
HB 764	B	senate	2025-04-11	1545902	34	14	unbatched	Revise public transit laws
HB 770	B	house	2025-03-07	1508724	56	43	batch-12	Revise candidate campaign finance reporting laws
HB 775	B	senate	2025-04-22	1554560	38	12	dropped:filter-5	Repeal sunset on Water Court actions
HB 78	B	senate	2025-03-18	1519952	29	20	batch-12	Adopt pet insurance model act
HB 791	B	house	2025-03-07	1508729	57	42	superseded:later-roll-used	Generally revise nuisance laws
HB 791	B	house	2025-04-18	1552218	58	41	unbatched	Generally revise nuisance laws
HB 791	B	senate	2025-04-12	1546675	32	18	unbatched	Generally revise nuisance laws
HB 801	B	house	2025-03-07	1508577	59	40	batch-07	Provide for the Montana Firearms Liability Clarification Act
HB 801	B	senate	2025-04-22	1554386	37	13	batch-07	Provide for the Montana Firearms Liability Clarification Act
HB 804	B	house	2025-04-18	1552186	56	42	batch-12	Revise laws for lobbyist payment threshold
HB 804	B	senate	2025-04-11	1546151	35	13	batch-12	Revise laws for lobbyist payment threshold
HB 807	B	house	2025-03-07	1508582	57	42	unbatched	Prohibiting vaccines allowed under an emergency use authorization or undergoing safety trials to be required
HB 807	B	senate	2025-04-22	1554328	32	18	unbatched	Prohibiting vaccines allowed under an emergency use authorization or undergoing safety trials to be required
HB 808	B	house	2025-03-28	1530181	60	39	batch-16	Creating the Montana brownfields program
HB 809	B	house	2025-03-07	1508824	55	44	batch-01	Prohibit local governments from enacting red flag gun laws
HB 809	B	senate	2025-04-14	1547433	29	19	batch-01	Prohibit local governments from enacting red flag gun laws
HB 81	B	senate	2025-03-15	1518245	35	14	dropped:filter-5	Revise law to change supervision of veterans' affairs division administrator
HB 810	B	senate	2025-04-12	1546585	38	12	batch-09	Revise tenant landlord laws
HB 818	B	house	2025-03-07	1508545	57	42	superseded:later-roll-used	Ban foreign funding for ballot measures
HB 818	B	house	2025-04-30	1561832	56	44	batch-01	Ban foreign funding for ballot measures
HB 818	B	senate	2025-04-12	1546630	38	12	superseded:later-roll-used	Ban foreign funding for ballot measures
HB 818	B	senate	2025-04-30	1562447	37	13	batch-01	Ban foreign funding for ballot measures
HB 819	B	house	2025-03-07	1508523	57	42	unbatched	Revise laws relating to flag displays in and on state buildings and grounds
HB 819	B	senate	2025-04-22	1553969	32	18	unbatched	Revise laws relating to flag displays in and on state buildings and grounds
HB 825	B	senate	2025-04-11	1546138	27	21	batch-12	Generally revise laws related to health care proxy decisionmakers
HB 834	B	house	2025-04-01	1533572	59	40	superseded:later-roll-used	Create a government evidence and impact commission
HB 834	B	house	2025-04-25	1558078	65	35	unbatched	Create a government evidence and impact commission
HB 834	B	senate	2025-04-18	1552303	40	10	unbatched	Create a government evidence and impact commission
HB 846	B	house	2025-04-25	1558224	70	30	dropped:filter-5	Revising property taxation for certain local government subdivisions
HB 849	B	senate	2025-04-22	1554394	36	14	unbatched	Provide for special motorcycle plates promoting motorcycle safety
HB 85	B	senate	2025-04-15	1548978	29	20	dropped:filter-5	Reinstating former employer contributions for JRS, HPORS, SRS, GWPORS
HB 853	B	senate	2025-04-24	1559583	29	21	unbatched	Revise fees for licensed establishments
HB 855	B	senate	2025-04-17	1551687	38	12	batch-16	Establish FWP wildlife highway crossings and accommodation account
HB 863	B	house	2025-03-31	1530986	78	21	superseded:later-roll-used	Generally revise state finance laws
HB 863	B	house	2025-04-30	1562598	55	45	unbatched	Generally revise state finance laws
HB 863	B	senate	2025-04-25	1558142	28	21	unbatched	Generally revise state finance laws
HB 864	B	senate	2025-04-23	1555701	30	20	unbatched	Authorize transfers and other necessary measure to implement HB 2 section E
HB 866	B	house	2025-04-02	1534587	60	35	dropped:filter-5	"Allow the term ""emotional disability"" to be used instead of ""emotional disturbance"" as it relates to special education"
HB 866	B	senate	2025-04-18	1552247	29	21	dropped:filter-5	"Allow the term ""emotional disability"" to be used instead of ""emotional disturbance"" as it relates to special education"
HB 867	B	senate	2025-04-22	1554807	29	21	unbatched	Revise labor laws relating to the medical assistance program
HB 869	B	house	2025-04-05	1537648	75	23	batch-16	Provide for the sudden cardiac arrest prevention in youth sports
HB 876	B	senate	2025-04-23	1556328	29	21	unbatched	Sawmill revitalization act
HB 882	B	senate	2025-04-22	1554231	31	19	unbatched	Generally revise alcohol laws
HB 888	B	house	2025-04-05	1537748	56	42	superseded:later-roll-used	Revise local board of health rules for isolation and quarantine
HB 888	B	house	2025-04-25	1558107	59	41	held:legiscan-vote-defect	Revise local board of health rules for isolation and quarantine
HB 888	B	senate	2025-04-18	1552278	30	20	unbatched	Revise local board of health rules for isolation and quarantine
HB 891	B	house	2025-04-05	1537815	57	41	unbatched	Provide subpoena powers to the office of inspector general
HB 891	B	senate	2025-04-18	1552333	32	18	unbatched	Provide subpoena powers to the office of inspector general
HB 897	B	house	2025-04-05	1537710	60	38	dropped:filter-5	Generally revise laws related to shed hunting on wildlife management areas
HB 898	B	house	2025-04-05	1537655	66	32	superseded:later-roll-used	Generally revise laws related to LLC operating agreements
HB 899	B	house	2025-04-08	1539776	58	39	superseded:later-roll-used	Establish Montana state shooting  center task force
HB 899	B	house	2025-04-25	1558178	58	42	unbatched	Establish Montana state shooting  center task force
HB 899	B	senate	2025-04-18	1552332	37	13	unbatched	Establish Montana state shooting  center task force
HB 9	B	house	2025-04-08	1540288	58	39	superseded:later-roll-used	Cultural and aesthetic grants
HB 9	B	house	2025-04-28	1558773	68	32	dropped:filter-5	Cultural and aesthetic grants
HB 9	B	senate	2025-04-23	1555329	32	18	dropped:filter-5	Cultural and aesthetic grants
HB 908	B	senate	2025-04-22	1553664	30	20	batch-10	Generally revise employee tax credit laws to include apprentices
HB 913	B	senate	2025-04-25	1558159	33	16	unbatched	Authorize transfers and other necessary measures to implement HB2 Section D
HB 917	B	house	2025-04-08	1539540	59	38	unbatched	Revise campaign finance laws
HB 924	B	house	2025-04-08	1539547	53	44	superseded:later-roll-used	Generally revise state finance laws
HB 924	B	house	2025-04-29	1560196	60	39	unbatched	Generally revise state finance laws
HB 924	B	senate	2025-04-24	1557457	27	23	unbatched	Generally revise state finance laws
HB 931	B	house	2025-04-05	1537719	55	43	batch-01	Allow for nonprofit development and management of attainable workforce housing on state lands
HB 931	B	senate	2025-04-22	1554135	33	17	batch-01	Allow for nonprofit development and management of attainable workforce housing on state lands
HB 932	B	house	2025-04-05	1537699	71	27	superseded:later-roll-used	Generally revise conservation financing laws
HB 932	B	senate	2025-04-25	1558095	38	11	unbatched	Generally revise conservation financing laws
HB 939	B	senate	2025-04-23	1555369	38	12	unbatched	Revise laws relating to wind turbine generators
HB 940	B	senate	2025-04-23	1556312	37	13	unbatched	Prohibit overnight camping on state highway right-of-way
HB 943	B	house	2025-04-08	1540757	63	34	unbatched	Establish the Montana rare disease advisory council
HB 943	B	senate	2025-04-18	1560329	35	15	unbatched	Establish the Montana rare disease advisory council
HB 949	B	house	2025-04-08	1539527	76	21	unbatched	Require fee schedule and report for certain commitments
HB 949	B	senate	2025-04-18	1552347	33	17	unbatched	Require fee schedule and report for certain commitments
HB 953	B	house	2025-04-08	1539751	73	24	batch-02	Revise medicaid laws related to direct primary care
HB 953	B	senate	2025-04-24	1557130	28	22	batch-02	Revise medicaid laws related to direct primary care
HB 97	B	senate	2025-03-17	1518569	29	20	dropped:filter-5	Allow for platooning vehicles
HB 99	B	senate	2025-03-17	1518441	37	12	dropped:filter-5	Revise laws related to motor vehicle laws for clarity and consistency
HJ 10	JR	house	2025-03-31	1530906	58	41	dropped:filter-2-not-law	Resolution on sports laws
HJ 10	JR	senate	2025-04-22	1553562	31	19	dropped:filter-2-not-law	Resolution on sports laws
HJ 17	JR	house	2025-03-21	1524194	58	38	superseded:later-roll-used	Resolution regarding energy
HJ 17	JR	house	2025-04-25	1558032	63	37	dropped:filter-2-not-law	Resolution regarding energy
HJ 17	JR	senate	2025-04-18	1552222	35	15	dropped:filter-2-not-law	Resolution regarding energy
HJ 19	JR	house	2025-03-28	1530281	78	21	dropped:filter-2-not-law	Resolution to provide for frontotemporal degeneration awareness week
HJ 19	JR	senate	2025-04-22	1554751	34	16	dropped:filter-2-not-law	Resolution to provide for frontotemporal degeneration awareness week
HJ 23	JR	house	2025-04-16	1549838	74	24	dropped:filter-2-not-law	Interim study on youth court laws
HJ 23	JR	senate	2025-04-29	1560247	34	16	dropped:filter-2-not-law	Interim study on youth court laws
HJ 26	JR	house	2025-04-17	1551384	70	29	dropped:filter-2-not-law	Study guardianships and conservatorships
HJ 26	JR	senate	2025-04-29	1559905	24	26	superseded:later-roll-used	Study guardianships and conservatorships
HJ 26	JR	senate	2025-04-30	1562101	29	21	dropped:filter-2-not-law	Study guardianships and conservatorships
HJ 27	JR	house	2025-04-17	1551942	57	42	dropped:filter-2-not-law	Interim study on laws regarding morticians and funeral services
HJ 27	JR	senate	2025-04-25	1558255	30	19	dropped:filter-2-not-law	Interim study on laws regarding morticians and funeral services
HJ 28	JR	house	2025-04-17	1551677	59	40	dropped:filter-2-not-law	Interim study to identify and improve access to federal grant opportunities for the state of Montana, tribal governments, and local government entities
HJ 28	JR	senate	2025-04-29	1560243	29	21	dropped:filter-2-not-law	Interim study to identify and improve access to federal grant opportunities for the state of Montana, tribal governments, and local government entities
HJ 30	JR	senate	2025-04-29	1560236	37	12	dropped:filter-2-not-law	Study resolution on incentivizing housing density and affordability
HJ 31	JR	house	2025-04-02	1534810	74	21	dropped:filter-2-not-law	Joint resolution honoring educational support professionals
HJ 32	JR	senate	2025-04-29	1560267	37	13	dropped:filter-2-not-law	Interim study of advanced investigator qualifications for law enforcement
HJ 35	JR	house	2025-04-05	1537666	56	42	dropped:filter-2-not-law	Joint resolution urging changes to federal wildfire policy
HJ 35	JR	senate	2025-04-22	1553727	32	18	dropped:filter-2-not-law	Joint resolution urging changes to federal wildfire policy
HJ 40	JR	senate	2025-04-29	1560170	37	13	dropped:filter-2-not-law	Interim study on transferring fiscal note production from executive branch to legislative branch
HJ 42	JR	house	2025-04-23	1556315	70	29	dropped:filter-2-not-law	Interim study on procurement, no-bid contracts, and transparency on no-bid purchases
HJ 42	JR	senate	2025-04-30	1563222	27	23	dropped:filter-2-not-law	Interim study on procurement, no-bid contracts, and transparency on no-bid purchases
HJ 45	JR	senate	2025-04-29	1560134	31	19	dropped:filter-2-not-law	Interim study on the impact collateral consequences have on criminal record expungement
HJ 47	JR	senate	2025-04-30	1562687	33	16	dropped:filter-2-not-law	Study resolution on local government entity cooperation
HJ 48	JR	senate	2025-04-30	1563232	28	22	dropped:filter-2-not-law	Interim study on moving the date of the primary election
HJ 50	JR	house	2025-04-24	1557718	71	29	dropped:filter-2-not-law	Interim study of uniform common interest ownership laws
HJ 50	JR	senate	2025-04-30	1562683	31	19	dropped:filter-2-not-law	Interim study of uniform common interest ownership laws
HJ 52	JR	senate	2025-04-30	1563238	36	14	dropped:filter-2-not-law	Interim study on the Montana cattle industry
HJ 53	JR	senate	2025-04-29	1560993	29	21	dropped:filter-2-not-law	Request an interim study on school safety
HJ 55	JR	house	2025-04-23	1556334	73	26	dropped:filter-2-not-law	Study resolution on property management licensing and practice
HJ 55	JR	senate	2025-04-30	1563237	34	16	dropped:filter-2-not-law	Study resolution on property management licensing and practice
HJ 56	JR	senate	2025-04-29	1560981	33	17	dropped:filter-2-not-law	Study resolution of search and rescue services and funding
HJ 61	JR	house	2025-04-25	1558103	78	22	dropped:filter-2-not-law	Interim study on the property insurance market in Montana
HJ 61	JR	senate	2025-04-30	1562176	38	12	dropped:filter-2-not-law	Interim study on the property insurance market in Montana
HJ 62	JR	house	2025-04-24	1557212	66	34	dropped:filter-2-not-law	Study resolution on wildfire safety
HJ 62	JR	senate	2025-04-30	1562189	34	16	dropped:filter-2-not-law	Study resolution on wildfire safety
HJ 7	JR	house	2025-02-05	1482113	53	47	dropped:filter-2-not-law	Joint resolution congratulating President Donald J. Trump on his re-election
HJ 7	JR	senate	2025-04-22	1554831	30	20	dropped:filter-2-not-law	Joint resolution congratulating President Donald J. Trump on his re-election
HJ 74	JR	house	2025-04-28	1558777	63	37	dropped:filter-2-not-law	Study resolution analyzing water re-use in the state
HJ 74	JR	senate	2025-04-30	1562664	33	17	dropped:filter-2-not-law	Study resolution analyzing water re-use in the state
SB 101	B	house	2025-03-27	1529013	58	41	dropped:filter-5	Revise laws related to squatting
SB 101	B	senate	2025-01-24	1481618	35	14	superseded:later-roll-used	Revise laws related to squatting
SB 101	B	senate	2025-04-01	1533264	35	15	dropped:filter-5	Revise laws related to squatting
SB 104	B	senate	2025-02-28	1502635	38	11	batch-15	Expanding access to low-cost capital to certain eligible projects and entities
SB 105	B	house	2025-03-31	1531112	77	21	batch-05	Generally revise election laws related to electioneering at polling locations
SB 105	B	senate	2025-02-26	1500296	28	22	superseded:later-roll-used	Generally revise election laws related to electioneering at polling locations
SB 105	B	senate	2025-04-04	1537120	36	13	batch-05	Generally revise election laws related to electioneering at polling locations
SB 110	B	senate	2025-02-10	1485531	33	16	batch-13	Revise laws relating to amusement rides and safety
SB 113	B	house	2025-03-21	1524060	76	21	unbatched	Revise exemptions related to tow truck lien law
SB 116	B	house	2025-04-28	1558991	58	41	unbatched	Revise the Montana heritage preservation and development commission membership
SB 117	B	house	2025-04-16	1550344	67	31	unbatched	Revise government entity limitations on property tax increases
SB 132	B	senate	2025-02-07	1484302	37	12	unbatched	Generally revise minor in possession laws
SB 133	B	house	2025-04-11	1546389	54	45	batch-14	Revise impact fee laws
SB 133	B	senate	2025-02-07	1484106	32	17	superseded:later-roll-used	Revise impact fee laws
SB 133	B	senate	2025-04-15	1548486	32	18	batch-14	Revise impact fee laws
SB 134	B	senate	2025-02-14	1490625	33	17	unbatched	Generally revise laws relating to gifts and endowments
SB 137	B	senate	2025-02-06	1483351	38	11	unbatched	Require excusal of prospective jurors aged 75 and older
SB 143	B	house	2025-03-28	1530366	58	41	unbatched	Generally revise civil liability laws relating to statutes of limitations for certain actions
SB 147	B	senate	2025-02-25	1498998	30	19	superseded:later-roll-used	Generally revise Montana Indian child welfare laws
SB 147	B	senate	2025-04-17	1551380	31	19	unbatched	Generally revise Montana Indian child welfare laws
SB 149	B	house	2025-04-09	1541949	62	35	unbatched	Revise emotional support animal laws
SB 149	B	senate	2025-02-03	1481905	37	12	superseded:later-roll-used	Revise emotional support animal laws
SB 149	B	senate	2025-04-12	1546668	40	10	unbatched	Revise emotional support animal laws
SB 154	B	house	2025-04-10	1543333	56	42	unbatched	Revise prohibition on sale or purchase of human body parts under the revised Uniform Anatomical Gift Act.
SB 154	B	senate	2025-01-30	1481960	30	19	superseded:later-roll-used	Revise prohibition on sale or purchase of human body parts under the revised Uniform Anatomical Gift Act.
SB 154	B	senate	2025-04-12	1546642	36	14	unbatched	Revise prohibition on sale or purchase of human body parts under the revised Uniform Anatomical Gift Act.
SB 168	B	house	2025-04-11	1546399	64	35	batch-11	Revise laws related to lakeshore protection
SB 170	B	house	2025-03-21	1524212	57	40	batch-02	Eliminate termination date of community health aide program
SB 170	B	senate	2025-02-11	1486315	34	16	batch-02	Eliminate termination date of community health aide program
SB 172	B	house	2025-03-21	1524092	57	40	dropped:coordination-voided	Revise resort tax eligibility and allow use for workforce housing
SB 172	B	senate	2025-02-12	1487519	38	12	dropped:coordination-voided	Revise resort tax eligibility and allow use for workforce housing
SB 177	B	house	2025-04-11	1546071	57	42	unbatched	Allow community choice school commission to seek public funding
SB 177	B	senate	2025-02-06	1483650	38	11	unbatched	Allow community choice school commission to seek public funding
SB 178	B	senate	2025-02-14	1497072	33	17	superseded:later-roll-used	Provide for temporary lease of water rights
SB 181	B	house	2025-04-09	1541804	69	28	batch-13	Generally revise Indian education for all laws
SB 181	B	senate	2025-02-25	1499537	29	20	superseded:later-roll-used	Generally revise Indian education for all laws
SB 182	B	senate	2025-02-05	1482838	35	13	batch-13	Generally revise MT Indian language preservation program
SB 19	B	house	2025-04-11	1546102	61	38	dropped:filter-5	Revise sentencing laws related to theft
SB 19	B	senate	2025-02-27	1501654	34	16	superseded:later-roll-used	Revise sentencing laws related to theft
SB 19	B	senate	2025-04-17	1551478	37	13	dropped:filter-5	Revise sentencing laws related to theft
SB 193	B	house	2025-04-11	1546351	57	42	unbatched	Provide that members of the attorneys' examining board are appointed by the governor
SB 193	B	senate	2025-02-12	1488273	31	19	unbatched	Provide that members of the attorneys' examining board are appointed by the governor
SB 194	B	house	2025-04-11	1546375	56	43	unbatched	Eliminate the board of public assistance
SB 198	B	house	2025-03-31	1531386	57	42	unbatched	Generally revise professional occupation laws related to private security
SB 212	B	house	2025-03-28	1529953	61	38	unbatched	Creating the Right to Compute Act and requiring shutdowns of AI controlled critical infrastructure
SB 213	B	house	2025-04-11	1546377	67	32	batch-14	Revise the state building code to allow single stairwells in certain buildings
SB 214	B	house	2025-04-11	1546212	50	48	batch-14	Revise zoning laws to clarify decisions regarding prior nonconforming use of property
SB 214	B	senate	2025-02-27	1501786	34	16	batch-14	Revise zoning laws to clarify decisions regarding prior nonconforming use of property
SB 218	B	house	2025-04-11	1546384	55	44	unbatched	Provide for private right of action for injuries caused by certain medical interventions to treat gender dysphoria
SB 218	B	senate	2025-02-18	1492242	30	20	superseded:later-roll-used	Provide for private right of action for injuries caused by certain medical interventions to treat gender dysphoria
SB 218	B	senate	2025-04-17	1551250	32	18	superseded:later-roll-used	Provide for private right of action for injuries caused by certain medical interventions to treat gender dysphoria
SB 218	B	senate	2025-04-29	1560193	31	19	unbatched	Provide for private right of action for injuries caused by certain medical interventions to treat gender dysphoria
SB 221	B	house	2025-04-10	1543279	63	35	batch-03	Generally revise the Montana environmental policy act
SB 221	B	senate	2025-02-13	1489304	37	13	batch-03	Generally revise the Montana environmental policy act
SB 226	B	senate	2025-03-05	1505705	31	18	superseded:later-roll-used	Require petition submittals be dropped off within a specific timeframe
SB 236	B	house	2025-03-31	1530890	70	28	unbatched	Allow longevity payments for county detention officers
SB 236	B	senate	2025-02-19	1494083	32	17	unbatched	Allow longevity payments for county detention officers
SB 237	B	house	2025-04-16	1550668	66	32	unbatched	Require revenue interim committee to make a recommendation about property tax rates
SB 238	B	house	2025-04-16	1550601	71	26	unbatched	Allow hunters to donate funds for archery equipment for disabled bowhunters
SB 238	B	senate	2025-04-04	1537096	38	11	unbatched	Allow hunters to donate funds for archery equipment for disabled bowhunters
SB 242	B	house	2025-03-31	1531507	71	28	dropped:filter-5	Revise election laws related to ballot form and uniformity
SB 242	B	senate	2025-03-01	1502923	31	19	dropped:filter-5	Revise election laws related to ballot form and uniformity
SB 243	B	house	2025-04-11	1546282	77	22	held:legiscan-vote-defect	Amend zoning regulations to allow taller buildings
SB 246	B	house	2025-04-02	1535298	60	35	dropped:filter-5	Provide for Montana First Procurement laws and establish reporting requirements
SB 247	B	house	2025-04-16	1550158	57	41	dropped:filter-5	Modify tax classification of shooting ranges
SB 248	B	house	2025-03-28	1529988	61	38	unbatched	Provide that legislator access to CPS records includes drug testing results
SB 248	B	senate	2025-02-21	1496930	37	13	unbatched	Provide that legislator access to CPS records includes drug testing results
SB 249	B	house	2025-03-28	1529989	61	38	unbatched	Revise child abuse and neglect laws involving adjudication
SB 25	B	senate	2025-03-06	1508162	38	11	dropped:filter-1-final-roll-undivided	Revise election laws regarding disclosure requirements for the use of AI in elections
SB 253	B	house	2025-04-24	1557445	57	43	unbatched	Revise administrative and certification processes for student scholarship organizations
SB 256	B	senate	2025-02-21	1496702	27	23	superseded:later-roll-used	Generally revise child abuse and neglect laws
SB 260	B	senate	2025-04-05	1537663	25	23	superseded:later-roll-used	Provide for alteration of service district boundaries
SB 262	B	house	2025-04-11	1546445	57	42	batch-02	Exempt subdivision, water/sewer plans from environmental review
SB 262	B	senate	2025-02-21	1496351	39	11	batch-02	Exempt subdivision, water/sewer plans from environmental review
SB 264	B	house	2025-04-11	1546473	52	47	unbatched	Eliminate a defense to the vehicle noise statute
SB 264	B	senate	2025-02-18	1492323	33	17	unbatched	Eliminate a defense to the vehicle noise statute
SB 265	B	house	2025-04-11	1546128	70	29	dropped:filter-5	Revise cryptocurrency laws to create Financial Freedom and Innovation Act
SB 271	B	senate	2025-02-19	1494176	39	10	unbatched	Remove prohibition on certain compensation for collegiate student-athlete's name/image/likeness
SB 275	B	senate	2025-02-18	1492352	34	16	batch-14	Allow revocation of agricultural covenant on lands annexed into municipality
SB 276	B	house	2025-04-11	1546387	57	42	batch-13	Generally revise voter identification laws
SB 278	B	house	2025-04-11	1546451	75	24	unbatched	Revise education laws to support advanced opportunities
SB 278	B	senate	2025-03-04	1505542	38	12	superseded:later-roll-used	Revise education laws to support advanced opportunities
SB 278	B	senate	2025-04-17	1551891	36	14	unbatched	Revise education laws to support advanced opportunities
SB 286	B	house	2025-04-11	1546433	56	43	unbatched	Clarify value of caselaw interpreting a statute after subsequent legislative action
SB 286	B	senate	2025-02-24	1497753	25	24	unbatched	Clarify value of caselaw interpreting a statute after subsequent legislative action
SB 30	B	house	2025-04-11	1546146	57	42	unbatched	Revise laws related to Judiciary and rule of necessity
SB 30	B	senate	2025-01-27	1481035	31	18	unbatched	Revise laws related to Judiciary and rule of necessity
SB 310	B	senate	2025-03-05	1505816	32	17	unbatched	Revise the trail stewardship grant program
SB 319	B	house	2025-04-11	1546140	56	43	superseded:later-roll-used	Generally revise health care laws related to doulas
SB 319	B	house	2025-04-30	1562296	54	46	batch-02	Generally revise health care laws related to doulas
SB 319	B	senate	2025-03-26	1528029	31	19	superseded:later-roll-used	Generally revise health care laws related to doulas
SB 319	B	senate	2025-04-30	1562297	28	22	batch-02	Generally revise health care laws related to doulas
SB 326	B	house	2025-04-25	1558011	62	38	batch-15	Generally revise laws related to MEDIA Act film tax credits
SB 326	B	senate	2025-04-04	1537133	29	20	superseded:later-roll-used	Generally revise laws related to MEDIA Act film tax credits
SB 326	B	senate	2025-04-29	1560389	31	19	batch-15	Generally revise laws related to MEDIA Act film tax credits
SB 33	B	house	2025-03-26	1527812	60	39	dropped:filter-5	State buildings subject to state building code review
SB 33	B	senate	2025-02-06	1483471	31	18	dropped:filter-5	State buildings subject to state building code review
SB 330	B	senate	2025-03-05	1505703	40	10	superseded:later-roll-used	Create a Montana blockchain and digital innovation task force
SB 333	B	house	2025-04-24	1557270	58	42	batch-15	Repeal sunset on coal washing credit
SB 335	B	senate	2025-03-03	1503707	28	22	superseded:later-roll-used	Generally revise laws related to dental insurance
SB 337	B	house	2025-04-24	1557751	60	40	batch-14	Provide a 5 year prepaid property tax exemption during subdivision development
SB 337	B	senate	2025-03-27	1529146	34	16	batch-14	Provide a 5 year prepaid property tax exemption during subdivision development
SB 342	B	house	2025-04-11	1546349	58	41	held:legiscan-vote-defect	Provide that chief justice appoints the court administrator
SB 342	B	senate	2025-03-03	1503771	32	18	unbatched	Provide that chief justice appoints the court administrator
SB 348	B	house	2025-04-11	1546122	58	40	unbatched	Revise laws on sexual assault
SB 348	B	senate	2025-04-17	1551159	33	17	unbatched	Revise laws on sexual assault
SB 375	B	senate	2025-04-17	1551149	34	16	unbatched	Prohibit sale of edible products that contain hemp
SB 38	B	house	2025-04-11	1546261	58	41	unbatched	Generally revise laws relating to attorney fees and prevailing parties for veto overrides
SB 38	B	senate	2025-02-03	1481219	36	13	unbatched	Generally revise laws relating to attorney fees and prevailing parties for veto overrides
SB 39	B	house	2025-04-11	1546356	60	39	unbatched	Generally revise attorney fee awards
SB 39	B	senate	2025-01-30	1481236	32	17	superseded:later-roll-used	Generally revise attorney fee awards
SB 39	B	senate	2025-04-15	1549122	31	19	unbatched	Generally revise attorney fee awards
SB 390	B	house	2025-04-11	1546310	64	35	unbatched	Revise definitions in Clean Indoor Air Act
SB 390	B	senate	2025-03-06	1508318	37	12	superseded:later-roll-used	Revise definitions in Clean Indoor Air Act
SB 390	B	senate	2025-04-15	1549344	34	16	unbatched	Revise definitions in Clean Indoor Air Act
SB 393	B	senate	2025-04-28	1559130	39	10	unbatched	Provide funding for enforcement of PL 280
SB 404	B	senate	2025-03-06	1507549	39	11	superseded:later-roll-used	Require reporting of building permits for appraisal information
SB 41	B	house	2025-04-11	1546344	56	43	batch-05	Requiring substitution of district court judges by random selection
SB 41	B	senate	2025-01-29	1481224	32	17	batch-05	Requiring substitution of district court judges by random selection
SB 426	B	senate	2025-03-06	1507863	36	14	unbatched	Generally revise the Uniform Commercial Code
SB 428	B	house	2025-04-11	1546030	72	27	unbatched	Generally revise county speed limits
SB 428	B	senate	2025-03-06	1508011	31	18	unbatched	Generally revise county speed limits
SB 429	B	house	2025-04-24	1557239	80	20	dropped:filter-5	Generally revise laws related to determination and restoration of fitness in criminal proceedings
SB 430	B	house	2025-04-23	1555403	78	21	unbatched	Generally revise laws related to civil commitment and emergency detention of mentally ill persons
SB 440	B	house	2025-04-11	1546096	58	41	batch-07	Revising election laws related to reporting election results
SB 440	B	senate	2025-03-06	1508129	31	18	superseded:later-roll-used	Revising election laws related to reporting election results
SB 45	B	house	2025-04-11	1546385	58	41	dropped:filter-5	Create a judicial performance evaluation commission and system
SB 45	B	house	2025-04-28	1558967	56	44	dropped:filter-5	Create a judicial performance evaluation commission and system
SB 45	B	senate	2025-02-27	1501459	28	22	dropped:filter-5	Create a judicial performance evaluation commission and system
SB 45	B	senate	2025-04-17	1551286	33	17	dropped:filter-5	Create a judicial performance evaluation commission and system
SB 45	B	senate	2025-04-25	1558039	31	18	dropped:filter-5	Create a judicial performance evaluation commission and system
SB 457	B	house	2025-04-11	1546193	55	44	batch-13	Revise laws regarding legislative subpoenas
SB 457	B	senate	2025-03-06	1508107	31	19	batch-13	Revise laws regarding legislative subpoenas
SB 471	B	senate	2025-03-21	1524172	34	16	unbatched	Generally revise vehicular traffic laws related to pedestrian crossings
SB 48	B	house	2025-04-11	1546126	57	42	batch-11	Generally revise laws relating to Judicial Standards Commission complaints
SB 48	B	senate	2025-01-30	1481289	30	19	batch-11	Generally revise laws relating to Judicial Standards Commission complaints
SB 490	B	house	2025-04-11	1546023	58	41	dropped:filter-5	Revise election laws regarding late registration
SB 490	B	senate	2025-03-06	1508105	33	16	dropped:filter-5	Revise election laws regarding late registration
SB 492	B	house	2025-04-11	1546285	56	43	batch-13	Generally revise business disclosure statement requirements for elected officials and department directors
SB 493	B	house	2025-04-11	1546453	72	27	dropped:filter-5	Establish the offense of trespass by unmanned aerial vehicle
SB 495	B	senate	2025-03-06	1507960	39	10	unbatched	Eliminate the tobacco prevention advisory board
SB 497	B	house	2025-04-11	1546134	77	22	dropped:filter-5	Provide laws related to healthcare provider burnout
SB 497	B	senate	2025-03-06	1507844	28	21	dropped:filter-5	Provide laws related to healthcare provider burnout
SB 497	B	senate	2025-04-18	1552290	30	20	dropped:filter-5	Provide laws related to healthcare provider burnout
SB 498	B	senate	2025-03-06	1508234	30	19	dropped:filter-5	Revise election laws related to preparation procedures for primary elections
SB 508	B	house	2025-04-11	1546324	62	37	unbatched	Generally revise driving under the influence laws for THC levels in drivers under 21
SB 511	B	house	2025-04-11	1546250	77	22	batch-15	Generally revising laws related to litigation financing
SB 511	B	senate	2025-03-06	1508137	34	15	batch-15	Generally revising laws related to litigation financing
SB 520	B	house	2025-04-11	1546443	61	38	batch-08	Revise laws regarding mining leases on state lands
SB 520	B	senate	2025-03-06	1508186	36	13	superseded:later-roll-used	Revise laws regarding mining leases on state lands
SB 532	B	house	2025-04-23	1556216	75	24	batch-14	Revise county zoning to allow accessory dwelling units
SB 534	B	house	2025-04-24	1557670	65	35	batch-15	Provide property tax exemption for wireless infrastructure
SB 534	B	senate	2025-04-03	1536907	40	10	batch-15	Provide property tax exemption for wireless infrastructure
SB 535	B	house	2025-04-25	1558163	50	50	superseded:later-roll-used	Revise laws related to experimental treatments
SB 535	B	house	2025-04-25	1558165	49	48	unbatched	Revise laws related to experimental treatments
SB 535	B	senate	2025-04-29	1559961	29	21	unbatched	Revise laws related to experimental treatments
SB 542	B	house	2025-04-24	1556679	73	26	held:legiscan-vote-defect	Generally revise property tax laws
SB 542	B	senate	2025-04-05	1537635	36	12	superseded:later-roll-used	Generally revise property tax laws
SB 542	B	senate	2025-04-30	1562501	28	22	batch-07	Generally revise property tax laws
SB 55	B	senate	2025-01-23	1481375	30	20	dropped:filter-5	Provide for legislative intent regarding streamflow information
SB 553	B	house	2025-04-25	1558071	62	38	unbatched	Generally revise state policy laws
SB 553	B	senate	2025-04-29	1560858	30	20	unbatched	Generally revise state policy laws
SB 56	B	senate	2025-02-24	1497706	33	16	unbatched	Supplemental employer contribution for PERS, HPORS, SRS, GWPORS
SB 560	B	house	2025-04-24	1557635	72	28	batch-13	Provide for a hospital community benefit fee
SB 560	B	senate	2025-04-05	1537842	30	18	superseded:later-roll-used	Provide for a hospital community benefit fee
SB 61	B	senate	2025-01-20	1481391	28	21	dropped:filter-5	Revise laws related to considerations for measuring of streamflow
SB 64	B	senate	2025-02-06	1483775	39	10	superseded:later-roll-used	Clarifying calculation of legislator compensation and expenses during the interim
SB 74	B	house	2025-04-17	1551760	70	28	unbatched	Generally revise marijuana laws
SB 74	B	senate	2025-03-27	1528983	38	12	unbatched	Generally revise marijuana laws
SB 77	B	senate	2025-02-10	1485219	38	11	superseded:later-roll-used	Require conservation districts to comply with state procurement laws
SB 87	B	house	2025-03-20	1522965	76	22	unbatched	Modify holidays for certain employees and create an annual floating holiday
SB 91	B	house	2025-04-18	1552110	58	40	batch-04	Require citizenship marker on driver's license and identification cards
SB 91	B	senate	2025-03-06	1508004	33	16	batch-04	Require citizenship marker on driver's license and identification cards
SB 95	B	senate	2025-03-21	1524131	39	11	batch-13	Provide funding for suicide prevention
SB 97	B	house	2025-04-11	1546393	57	42	unbatched	Revise venue laws for cases challenging constitutionality of recent laws
SB 97	B	senate	2025-01-31	1481606	32	18	unbatched	Revise venue laws for cases challenging constitutionality of recent laws
SJ 1	JR	house	2025-04-24	1556947	80	20	dropped:filter-2-not-law	Senate joint rules resolution
SJ 11	JR	house	2025-04-17	1551886	69	30	dropped:filter-2-not-law	Interim study on farmer's markets and food systems
SJ 11	JR	senate	2025-03-19	1521811	34	16	dropped:filter-2-not-law	Interim study on farmer's markets and food systems
SJ 18	JR	house	2025-04-24	1556805	56	44	dropped:filter-2-not-law	Resolution supporting recreation uses on Flathead Lake
SJ 19	JR	house	2025-04-24	1556814	54	46	dropped:filter-2-not-law	Joint resolution to study public transportation
SJ 19	JR	senate	2025-04-01	1533561	30	20	dropped:filter-2-not-law	Joint resolution to study public transportation
SJ 28	JR	house	2025-04-29	1560989	61	38	dropped:filter-2-not-law	Interim study resolution on the legislature's ethics processes
SJ 29	JR	house	2025-04-28	1558775	60	40	dropped:filter-2-not-law	Interim study resolution on coordinating efforts between OPI and DPHHS in addressing the impacts on children of prenatal exposure to meth and fentanyl
SJ 35	JR	house	2025-04-30	1562741	60	39	dropped:filter-2-not-law	Interim study of voter list maintenance and integrity
SJ 35	JR	senate	2025-04-25	1557997	31	18	dropped:filter-2-not-law	Interim study of voter list maintenance and integrity
SJ 36	JR	senate	2025-04-24	1557688	35	14	dropped:filter-2-not-law	Study dependent neglect standards for prosecutors
SJ 37	JR	house	2025-04-30	1561789	78	22	dropped:filter-2-not-law	Interim survey of behavioral health services in Montana
SJ 37	JR	senate	2025-04-24	1557849	38	11	dropped:filter-2-not-law	Interim survey of behavioral health services in Montana
SJ 48	JR	house	2025-04-30	1562188	73	26	dropped:filter-2-not-law	Interim study of the public health and safety impacts of marijuana legalization
SJ 49	JR	house	2025-04-30	1562237	68	30	dropped:filter-2-not-law	Interim study of youth and family behavioral health prevention
SJ 5	JR	house	2025-04-25	1558170	65	35	dropped:filter-2-not-law	Resolution for support of federal SAFER banking act
SJ 5	JR	senate	2025-02-07	1484217	35	14	dropped:filter-2-not-law	Resolution for support of federal SAFER banking act
SJ 9	JR	house	2025-03-25	1527080	59	40	dropped:filter-2-not-law	Joint resolution on the economic dangers of federal debt and deficits
