roll	chamber	date	bill	status	tally	question	reach	later_rolls	same_day_peers	title	history_line	disposition	reason
1587790	house	2025-06-10	HB105	became law	28-12	passage	5			An Act To Amend Title 19 Of The Delaware Code Relating To Employment Practices.	Passed By House. Votes: 28 YES 12 NO 1 ABSENT	batch-01	judged and imported
1596588	senate	2025-06-30	HB105	became law	16-4	passage	9			An Act To Amend Title 19 Of The Delaware Code Relating To Employment Practices.	Passed By Senate. Votes: 16 YES 4 NO 1 ABSENT	batch-01	judged and imported
1708701	house	2026-06-11	HB111	passed one chamber	27-12	passage	5			An Act To Amend Title 16 Of The Delaware Code Relating To Reducing The Automatic Provision Of Single-use Eating Utensils, Condiment Packets, And Other	Passed By House. Votes: 27 YES 12 NO 2 ABSENT	out-of-gate	the measure passed one chamber; the campaign gate is divided and enacted
1587714	house	2025-06-10	HB116	became law	26-13	passage	5	1596577		An Act To Amend Title 26 Of The Delaware Code Relating To Public Utility Rates.	Passed By House. Votes: 26 YES 13 NO 2 ABSENT	superseded	the same chamber voted again on this measure later (roll 1596577); the later vote is the one on the text that became law
1595515	senate	2025-06-26	HB116	became law	15-6	passage	9			An Act To Amend Title 26 Of The Delaware Code Relating To Public Utility Rates.	Passed By Senate. Votes: 15 YES 6 NO	batch-01	judged and imported
1596577	house	2025-06-30	HB116	became law	26-14	passage	5			An Act To Amend Title 26 Of The Delaware Code Relating To Public Utility Rates.	Passed By House. Votes: 26 YES 14 NO 1 VACANT	batch-01	judged and imported
1576658	house	2025-05-22	HB119	became law	27-10	passage	5			An Act To Amend Titles 9, 14, And 29 Of The Delaware Code Relating To Libraries.	Passed By House. Votes: 27 YES 10 NO 4 ABSENT	batch-01	judged and imported
1596946	senate	2025-06-30	HB119	became law	14-6	passage	9			An Act To Amend Titles 9, 14, And 29 Of The Delaware Code Relating To Libraries.	Passed By Senate. Votes: 14 YES 6 NO 1 ABSENT	batch-01	judged and imported
1570813	house	2025-05-13	HB130	became law	22-14	passage	5			An Act To Amend Titles 14 And 19 Of The Delaware Code Relating To Bargaining Units.	Passed By House. Votes: 22 YES 14 NO 1 NOT VOTING 4 ABSENT	dropped	filter-5 drop: union access to public employee contact details and employer email. No research area covers labor or union rights, the gap California recorded.
1709662	senate	2026-06-16	HB131	became law	15-6	passage	9			An Act To Amend Titles 6 And 16 Of The Delaware Code Relating To Pet Stores And Animal Welfare.	Passed By Senate. Votes: 15 YES 6 NO	dropped	filter-5 drop: bars retail pet stores selling dogs and cats. No research area covers animal welfare.
1668992	house	2026-03-24	HB133	passed both, awaiting governor	24-13	passage	5			An Act To Amend Title 11 Of The Delaware Code Relating To Fines, Fees, Restitution, And Other Court-related Monetary Obligations.	Passed By House. Votes: 24 YES 13 NO 1 NOT VOTING 3 ABSENT	out-of-gate	the measure passed both, awaiting governor; the campaign gate is divided and enacted
1713212	senate	2026-06-30	HB133	passed both, awaiting governor	16-5	passage	9			An Act To Amend Title 11 Of The Delaware Code Relating To Fines, Fees, Restitution, And Other Court-related Monetary Obligations.	Passed By Senate. Votes: 16 YES 5 NO	out-of-gate	the measure passed both, awaiting governor; the campaign gate is divided and enacted
1520215	house	2025-03-18	HB140	became law	21-17	passage	5			An Act To Amend Title 16 Of The Delaware Code Relating To End Of Life Options.	Passed By House. Votes: 21 YES 17 NO 3 ABSENT	dropped	filter-5 drop: End of Life Options Act, medical aid in dying. No research area carries an honest direction — healthcare_affordability scores it `for` only by assuming assisted death is care whose access should improve, which is the contested question itself, and civil_rights has organized constituencies claiming both directions. Maine LD 613 imported the same shape under `general` with no stance, but `general` is a judicial, non-selectable area that must never be tagged on a roll-call record, so importing without a stance is no longer available. The most newsworthy divided-and-enacted measure of the session; expect to be asked.
1551342	senate	2025-04-17	HB140	became law	11-8	passage	9			An Act To Amend Title 16 Of The Delaware Code Relating To End Of Life Options.	Passed By Senate. Votes: 11 YES 8 NO 2 ABSENT	dropped	filter-5 drop: End of Life Options Act, medical aid in dying. No research area carries an honest direction — healthcare_affordability scores it `for` only by assuming assisted death is care whose access should improve, which is the contested question itself, and civil_rights has organized constituencies claiming both directions. Maine LD 613 imported the same shape under `general` with no stance, but `general` is a judicial, non-selectable area that must never be tagged on a roll-call record, so importing without a stance is no longer available. The most newsworthy divided-and-enacted measure of the session; expect to be asked.
1591800	house	2025-06-17	HB142	became law	24-12	passage	5			An Act To Amend Title 11 Of The Delaware Code Relating To Arrests.	Passed By House. Votes: 24 YES 12 NO 5 ABSENT	dropped	filter-5 drop: repeals a private person's power to make a warrantless arrest on an out-of-state felony charge. Narrow and procedural; no area carries a direction.
1596580	senate	2025-06-30	HB142	became law	16-5	passage	9			An Act To Amend Title 11 Of The Delaware Code Relating To Arrests.	Passed By Senate. Votes: 16 YES 5 NO	dropped	filter-5 drop: repeals a private person's power to make a warrantless arrest on an out-of-state felony charge. Narrow and procedural; no area carries a direction.
1700018	house	2026-05-19	HB145	passed both, awaiting governor	24-12	passage	5			An Act To Amend Title 11 Of The Delaware Code Relating To Reverse Location And Reverse Keyword Searches And Court Orders.	Passed By House. Votes: 24 YES 12 NO 5 ABSENT	out-of-gate	the measure passed both, awaiting governor; the campaign gate is divided and enacted
1713144	senate	2026-07-01	HB145	passed both, awaiting governor	11-4	passage	5			An Act To Amend Title 11 Of The Delaware Code Relating To Reverse Location And Reverse Keyword Searches And Court Orders.	Passed By Senate. Votes: 11 YES 4 NO 6 ABSENT	out-of-gate	the measure passed both, awaiting governor; the campaign gate is divided and enacted
1668823	house	2026-03-24	HB150	passed both, awaiting governor	25-13	passage	5			An Act Amending Title 10 Of The Delaware Code Relating To Civil Arrests.	Passed By House. Votes: 25 YES 13 NO 3 ABSENT	batch-03	the Governor signed the measure on the date shown in the Delaware action log, after the dataset cut; judged and imported
1684633	house	2026-04-16	HB151	became law	28-13	passage	5			An Act To Amend Title 11 Of The Delaware Code Relating To Detention Facilities.	Passed By House. Votes: 28 YES 13 NO	batch-02	judged and imported
1591853	house	2025-06-17	HB153	became law	24-12	passage	5			An Act To Amend Title 11 Of The Delaware Code Relating To Arrest And Detention.	Passed By House. Votes: 24 YES 12 NO 5 ABSENT	batch-02	judged and imported
1594969	senate	2025-06-25	HB154	became law	15-6	passage	9			An Act To Amend Title 16 Of The Delaware Code Relating To Gun Safety Equipment.	Passed By Senate. Votes: 15 YES 6 NO	batch-01	judged and imported
1591830	house	2025-06-17	HB162	passed one chamber	27-11	passage	5			An Act To Amend Title 6 Of The Delaware Code Relating To Multilevel Distribution Companies.	Passed By House. Votes: 27 YES 11 NO 1 NOT VOTING 2 ABSENT	out-of-gate	the measure passed one chamber; the campaign gate is divided and enacted
1589903	house	2025-06-12	HB164	became law	27-13	passage	5			An Act To Amend Titles 21 And 30 Of The Delaware Code Relating To Motor Vehicles.	Passed By House. Votes: 27 YES 13 NO 1 ABSENT	dropped	filter-5 drop: adds a registration fee on electric and other-fuel vehicles to replace lost fuel-tax revenue for road work. Read as discouraging electric cars it scores against environment; read as funding roads it scores for public infrastructure. Runs both ways.
1592482	senate	2025-06-18	HB164	became law	16-4	passage	9			An Act To Amend Titles 21 And 30 Of The Delaware Code Relating To Motor Vehicles.	Passed By Senate. Votes: 16 YES 4 NO 1 ABSENT	dropped	filter-5 drop: adds a registration fee on electric and other-fuel vehicles to replace lost fuel-tax revenue for road work. Read as discouraging electric cars it scores against environment; read as funding roads it scores for public infrastructure. Runs both ways.
1589785	house	2025-06-12	HB175	became law	26-14	passage	5			An Act To Amend Title 7 Of The Delaware Code Relating To The Department Of Natural Resources And Environmental Control Fees And Assessment And To Auth	Passed By House. Votes: 26 YES 14 NO 1 ABSENT	dropped	filter-5 drop: a schedule of DNREC permit and license fees. Money only, the same reason appropriations are excluded campaign-wide.
1592424	senate	2025-06-18	HB175	became law	15-5	passage	9			An Act To Amend Title 7 Of The Delaware Code Relating To The Department Of Natural Resources And Environmental Control Fees And Assessment And To Auth	Passed By Senate. Votes: 15 YES 5 NO 1 ABSENT	dropped	filter-5 drop: a schedule of DNREC permit and license fees. Money only, the same reason appropriations are excluded campaign-wide.
1709690	house	2026-06-16	HB180	passed both, awaiting governor	30-10	passage	5			An Act Proposing An Amendment To Article V Of The Delaware Constitution Relating To Voting.	Passed By House. Votes: 30 YES 10 NO 1 ABSENT	out-of-gate	the measure passed both, awaiting governor; the campaign gate is divided and enacted
1713219	senate	2026-07-01	HB180	passed both, awaiting governor	16-5	passage	9			An Act Proposing An Amendment To Article V Of The Delaware Constitution Relating To Voting.	Passed By Senate. Votes: 16 YES 5 NO	out-of-gate	the measure passed both, awaiting governor; the campaign gate is divided and enacted
1594411	house	2025-06-24	HB182	became law	28-12	passage	5			An Act To Amend Title 11 Of The Delaware Code Relating To Law Enforcement Agency Agreements.	Passed By House. Votes: 28 YES 12 NO 1 VACANT	batch-02	judged and imported
1712632	house	2026-06-30	HB188	passed one chamber	22-17	passage	5			An Act To Amend Title 15 Of The Delaware Code Relating To Primary Elections.	Passed By House. Votes: 22 YES 17 NO 2 NOT VOTING	out-of-gate	the measure passed one chamber; the campaign gate is divided and enacted
1694672	senate	2026-05-06	HB195	became law	14-5	passage	8			An Act To Amend Title 4 Of The Delaware Code Relating To Bartending.	Passed By Senate. Votes: 14 YES 5 NO 2 NOT VOTING	dropped	filter-5 drop: lowers the bartending age to 18 with supervision, doubles server training, and bars under-21s from venues with sexually oriented entertainment. No area fits the mix.
1591662	house	2025-06-17	HB205	became law	29-11	passage	5			An Act To Amend Titles 10, 11, 18, 24, And 29 Of The Delaware Code Relating To Healthcare Services.	Passed By House. Votes: 29 YES 11 NO 1 ABSENT	batch-01	judged and imported
1596566	senate	2025-06-30	HB205	became law	15-6	passage	9			An Act To Amend Titles 10, 11, 18, 24, And 29 Of The Delaware Code Relating To Healthcare Services.	Passed By Senate. Votes: 15 YES 6 NO	batch-01	judged and imported
1594471	house	2025-06-24	HB210	became law	28-12	passage	5			An Act To Amend Titles 3, 7, And 16 Of The Delaware Code Relating To The Environment.	Passed By House. Votes: 28 YES 12 NO 1 VACANT	batch-01	judged and imported
1597096	senate	2025-06-30	HB210	became law	15-6	passage	9			An Act To Amend Titles 3, 7, And 16 Of The Delaware Code Relating To The Environment.	Passed By Senate. Votes: 15 YES 6 NO	batch-01	judged and imported
1595105	house	2025-06-25	HB222	passed both, awaiting governor	24-15	passage	5			An Act To Amend Title 3 Of The Delaware Code Relating To Nutrient Management.	Passed By House. Votes: 24 YES 15 NO 1 ABSENT 1 VACANT	out-of-gate	the measure passed both, awaiting governor; the campaign gate is divided and enacted
1661521	senate	2026-03-12	HB222	passed both, awaiting governor	14-7	passage	9			An Act To Amend Title 3 Of The Delaware Code Relating To Nutrient Management.	Passed By Senate. Votes: 14 YES 7 NO	out-of-gate	the measure passed both, awaiting governor; the campaign gate is divided and enacted
1709702	house	2026-06-16	HB233	passed both, awaiting governor	25-9	passage	4	1713106		An Act To Amend Title 26 Of The Delaware Code Relating To Large Energy Use Facilities.	Passed By House. Votes: 25 YES 9 NO 2 NOT VOTING 5 ABSENT	superseded	the same chamber voted again on this measure later (roll 1713106); the later vote is the one on the text that became law
1713105	senate	2026-06-30	HB233	passed both, awaiting governor	15-6	passage	9			An Act To Amend Title 26 Of The Delaware Code Relating To Large Energy Use Facilities.	Passed By Senate. Votes: 15 YES 6 NO	batch-03	the Governor signed the measure on the date shown in the Delaware action log, after the dataset cut; judged and imported
1713106	house	2026-07-01	HB233	passed both, awaiting governor	27-8	passage	5			An Act To Amend Title 26 Of The Delaware Code Relating To Large Energy Use Facilities.	Passed By House. Votes: 27 YES 8 NO 6 NOT VOTING	batch-03	the Governor signed the measure on the date shown in the Delaware action log, after the dataset cut; judged and imported
1599321	house	2025-08-12	HB242	became law	30-8	passage	5			An Act Relating To Local School Taxes In The 2025-2026 Tax Year.	Passed By House. Votes: 30 YES 8 NO 1 NOT VOTING 2 ABSENT	dropped	filter-5 drop: a one-year school tax rate reset for New Castle County districts. Local tax mechanics.
1599336	house	2025-08-12	HB245	died	15-6	unresolved	3			An Act To Amend Title 14 Of The Delaware Code Relating To Limitation On Public Schools' Tax Rate After General Reassessment.		excluded	no bill-history line matches this roll on date and tally, so what the chamber was voting on cannot be established from the record
1609270	house	2025-11-13	HB255	became law	26-13	passage	5			An Act To Amend Title 30 Of The Delaware Code Relating To Corporate And Personal Income Tax.	Passed By House. Votes: 26 YES 13 NO 2 ABSENT	dropped	filter-5 drop: decouples Delaware from federal expensing and depreciation changes. Almost all of it is corporate timing, so personal_income_tax_reduction misdescribes why members voted.
1609652	senate	2025-11-19	HB255	became law	14-6	passage	9			An Act To Amend Title 30 Of The Delaware Code Relating To Corporate And Personal Income Tax.	Passed By Senate. Votes: 14 YES 6 NO 1 ABSENT	dropped	filter-5 drop: decouples Delaware from federal expensing and depreciation changes. Almost all of it is corporate timing, so personal_income_tax_reduction misdescribes why members voted.
1684642	senate	2026-04-16	HB269	became law	15-5	passage	9			An Act To Amend Title 26 Of The Delaware Code Relating To Net-metering And Interconnection Rules.	Passed By Senate. Votes: 15 YES 5 NO 1 ABSENT	batch-02	judged and imported
1661784	house	2026-03-12	HB272	passed one chamber	23-12	passage	5			An Act To Amend Title 11 Of The Delaware Code Relating To Crimes Against Public Order.	Passed By House. Votes: 23 YES 12 NO 1 NOT VOTING 5 ABSENT	out-of-gate	the measure passed one chamber; the campaign gate is divided and enacted
1694236	house	2026-05-05	HB306	passed one chamber	25-12	passage	5			An Act To Amend Title 6 Of The Delaware Code Regarding Communication With A Computer.	Passed By House. Votes: 25 YES 12 NO 1 NOT VOTING 3 ABSENT	out-of-gate	the measure passed one chamber; the campaign gate is divided and enacted
1694284	house	2026-05-05	HB310	passed both, awaiting governor	26-12	passage	5	1713350		An Act To Amend Title 30 Of The Delaware Code Relating To Business Tax Credits And Deductions.	Passed By House. Votes: 26 YES 12 NO 3 ABSENT	superseded	the same chamber voted again on this measure later (roll 1713350); the later vote is the one on the text that became law
1713349	senate	2026-06-30	HB310	passed both, awaiting governor	15-6	passage	9			An Act To Amend Title 30 Of The Delaware Code Relating To Business Tax Credits And Deductions.	Passed By Senate. Votes: 15 YES 6 NO	batch-03	the Governor signed the measure on the date shown in the Delaware action log, after the dataset cut; judged and imported
1713350	house	2026-07-01	HB310	passed both, awaiting governor	26-11	passage	5			An Act To Amend Title 30 Of The Delaware Code Relating To Business Tax Credits And Deductions.	Passed By House. Votes: 26 YES 11 NO 3 NOT VOTING 1 ABSENT	batch-03	the Governor signed the measure on the date shown in the Delaware action log, after the dataset cut; judged and imported
1697304	house	2026-05-12	HB339	became law	25-15	passage	4			An Act To Amend Title 29 Of The Delaware Code Relating To Virtual Meetings.	Passed By House. Votes: 25 YES 15 NO 1 ABSENT	dropped	filter-5 drop: lets a staff member rather than a board member sit at the anchor location for a virtual public meeting. Trivial.
1708611	house	2026-06-11	HB344	became law	24-14	passage	5			An Act To Amend Titles 15 And 29 Of The Delaware Code Relating To Campaign Finance.	Passed By House. Votes: 24 YES 14 NO 1 NOT VOTING 2 ABSENT	batch-01	judged and imported
1713289	senate	2026-07-01	HB344	became law	16-5	passage	9			An Act To Amend Titles 15 And 29 Of The Delaware Code Relating To Campaign Finance.	Passed By Senate. Votes: 16 YES 5 NO	batch-01	judged and imported
1697128	house	2026-05-12	HB348	became law	26-13	passage	4			An Act To Amend Title 29 Of The Delaware Code Relating To Electric Vehicles.	Passed By House. Votes: 26 YES 13 NO 2 ABSENT	batch-02	judged and imported
1711062	senate	2026-06-23	HB348	became law	16-5	passage	9			An Act To Amend Title 29 Of The Delaware Code Relating To Electric Vehicles.	Passed By Senate. Votes: 16 YES 5 NO	batch-02	judged and imported
1594476	house	2025-06-24	HB35	passed both, awaiting governor	28-12	passage	5			An Act Proposing An Amendment To Article I Of The Delaware Constitution Relating To Prohibition Of The Death Penalty.	Passed By House. Votes: 28 YES 12 NO 1 VACANT	out-of-gate	the measure passed both, awaiting governor; the campaign gate is divided and enacted
1596974	senate	2025-06-30	HB35	passed both, awaiting governor	14-7	passage	9			An Act Proposing An Amendment To Article I Of The Delaware Constitution Relating To Prohibition Of The Death Penalty.	Passed By Senate. Votes: 14 YES 7 NO	out-of-gate	the measure passed both, awaiting governor; the campaign gate is divided and enacted
1710460	house	2026-06-18	HB355	passed both, awaiting governor	30-9	passage	5			An Act To Amend Title 10 Of The Delaware Code Relating To Sexual Assault, Harassment, And Discrimination.	Passed By House. Votes: 30 YES 9 NO 2 ABSENT	out-of-gate	the measure passed both, awaiting governor; the campaign gate is divided and enacted
1594247	senate	2025-06-24	HB36	became law	15-6	passage	9			An Act To Amend Title 2, Title 6, Title 9, Title 10, Title 14, Title 19, Title 20, Title 24, Title 25, And Title 29 Of The Delaware Code Relating To D	Passed By Senate. Votes: 15 YES 6 NO	batch-02	judged and imported
1709867	house	2026-06-16	HB368	passed both, awaiting governor	23-13	passage	5			An Act To Amend Title 11 Of The Delaware Code Relating To Immigration Enforcement And Cooperation.	Passed By House. Votes: 23 YES 13 NO 2 NOT VOTING 3 ABSENT	batch-03	the Governor signed the measure on the date shown in the Delaware action log, after the dataset cut; judged and imported
1711977	senate	2026-06-25	HB368	passed both, awaiting governor	15-6	passage	9			An Act To Amend Title 11 Of The Delaware Code Relating To Immigration Enforcement And Cooperation.	Passed By Senate. Votes: 15 YES 6 NO	batch-03	the Governor signed the measure on the date shown in the Delaware action log, after the dataset cut; judged and imported
1698281	house	2026-05-14	HB369	passed both, awaiting governor	27-12	passage	5			An Act To Amend Title 29 Of The Delaware Code Relating To The Establishment Of The Office Of Gun Violence Prevention And Community Safety.	Passed By House. Votes: 27 YES 12 NO 2 ABSENT	batch-03	the Governor signed the measure on the date shown in the Delaware action log, after the dataset cut; judged and imported
1710252	senate	2026-06-18	HB369	passed both, awaiting governor	15-4	passage	9			An Act To Amend Title 29 Of The Delaware Code Relating To The Establishment Of The Office Of Gun Violence Prevention And Community Safety.	Passed By Senate. Votes: 15 YES 4 NO 2 ABSENT	batch-03	the Governor signed the measure on the date shown in the Delaware action log, after the dataset cut; judged and imported
1591788	house	2025-06-17	HB37	became law	26-12	passage	5			An Act To Amend Title 6 Of The Delaware Code Relating To Public Accommodations.	Passed By House. Votes: 26 YES 12 NO 3 ABSENT	batch-01	judged and imported
1596866	senate	2025-06-30	HB37	became law	15-6	passage	9			An Act To Amend Title 6 Of The Delaware Code Relating To Public Accommodations.	Passed By Senate. Votes: 15 YES 6 NO	batch-01	judged and imported
1709671	house	2026-06-16	HB379	passed one chamber	27-11	passage	5			An Act To Amend Title 14 Of The Delaware Code Relating To The Comprehensive School Discipline Improvement Program.	Passed By House. Votes: 27 YES 11 NO 3 ABSENT	out-of-gate	the measure passed one chamber; the campaign gate is divided and enacted
1701182	house	2026-05-21	HB380	passed both, awaiting governor	30-9	passage	5			An Act To Amend Title 6 Of The Delaware Code Relating To Personal Data Privacy.	Passed By House. Votes: 30 YES 9 NO 2 ABSENT	batch-03	the Governor signed the measure on the date shown in the Delaware action log, after the dataset cut; judged and imported
1709692	senate	2026-06-16	HB380	passed both, awaiting governor	15-6	passage	9			An Act To Amend Title 6 Of The Delaware Code Relating To Personal Data Privacy.	Passed By Senate. Votes: 15 YES 6 NO	batch-03	the Governor signed the measure on the date shown in the Delaware action log, after the dataset cut; judged and imported
1688978	house	2026-04-23	HB400	became law	25-11	passage	4			An Act To Amend Title 5, Title 6, Title 8, Title 12, And Title 29 Of The Delaware Code Relating To Fees And Taxes Administered By The Secretary Of Sta	Passed By House. Votes: 25 YES 11 NO 5 ABSENT	dropped	filter-5 drop: a schedule of Secretary of State fees. Money only, the HB 175 precedent.
1697310	senate	2026-05-12	HB400	became law	15-6	passage	9			An Act To Amend Title 5, Title 6, Title 8, Title 12, And Title 29 Of The Delaware Code Relating To Fees And Taxes Administered By The Secretary Of Sta	Passed By Senate. Votes: 15 YES 6 NO	dropped	filter-5 drop: a schedule of Secretary of State fees. Money only, the HB 175 precedent.
1701176	house	2026-05-21	HB402	became law	28-11	passage	5			An Act To Amend Title 7 Of The Delaware Code Relating To The Clean Air Act Title V Operating Permit Program.	Passed By House. Votes: 28 YES 11 NO 2 ABSENT	dropped	filter-5 drop: reauthorizes Clean Air Act Title V permit fees for 2027 to 2029. Money only, the HB 175 precedent.
1708860	house	2026-06-11	HB418	passed both, awaiting governor	28-8	passage	5			An Act To Amend Title 11 Of The Delaware Code Relating To Firearms.	Passed By House. Votes: 28 YES 8 NO 4 NOT VOTING 1 ABSENT	batch-03	the Governor signed the measure on the date shown in the Delaware action log, after the dataset cut; judged and imported
1713220	senate	2026-07-01	HB418	passed both, awaiting governor	15-6	passage	9			An Act To Amend Title 11 Of The Delaware Code Relating To Firearms.	Passed By Senate. Votes: 15 YES 6 NO	batch-03	the Governor signed the measure on the date shown in the Delaware action log, after the dataset cut; judged and imported
1708935	house	2026-06-11	HB423	became law	32-8	passage	5			An Act To Amend Title 29 Of The Delaware Code Relating To Deferred Compensation.	Passed By House. Votes: 32 YES 8 NO 1 ABSENT	batch-02	judged and imported
1711047	house	2026-06-23	HB427	became law	28-9	passage	5			An Act To Amend Title 11 Of The Delaware Code Relating To Offenses Involving Deadly Weapons And Dangerous Instruments.	Passed By House. Votes: 28 YES 9 NO 2 NOT VOTING 2 ABSENT	batch-01	judged and imported
1713376	senate	2026-07-01	HB427	became law	14-6	passage	9			An Act To Amend Title 11 Of The Delaware Code Relating To Offenses Involving Deadly Weapons And Dangerous Instruments.	Passed By Senate. Votes: 14 YES 6 NO 1 ABSENT	batch-01	judged and imported
1709854	house	2026-06-16	HB430	passed both, awaiting governor	28-12	passage	5			An Act Proposing An Amendment To Article V Of The Delaware Constitution Relating To Elections And Voting.	Passed By House. Votes: 28 YES 12 NO 1 ABSENT	out-of-gate	the measure passed both, awaiting governor; the campaign gate is divided and enacted
1712733	senate	2026-06-30	HB430	passed both, awaiting governor	15-6	passage	9			An Act Proposing An Amendment To Article V Of The Delaware Constitution Relating To Elections And Voting.	Passed By Senate. Votes: 15 YES 6 NO	out-of-gate	the measure passed both, awaiting governor; the campaign gate is divided and enacted
1711873	house	2026-06-24	HB431	became law	30-10	passage	5			An Act To Amend Title 9 Of The Delaware Code Relating To Composting.	Passed By House. Votes: 30 YES 10 NO 1 ABSENT	dropped	filter-5 drop: allows composting on agriculturally zoned land with a county square-footage floor. Zoning permission, too thin to carry a direction.
1710338	house	2026-06-18	HB444	became law	29-11	passage	5			An Act To Amend Title 15 Of The Delaware Code Relating To The Delaware John Lewis Voting Rights Act.	Passed By House. Votes: 29 YES 11 NO 1 ABSENT	batch-01	judged and imported
1713085	house	2026-07-01	HB445	died	15-26	procedural	5	1713086	1713086	An Act To Amend Title 26 And Title 29 Of The Delaware Code Relating To Large Energy Use Facilities.	Defeated By House. Votes: 15 YES 26 NO. Reason Taken: motion to recess to read amendment - HB 445 w HA 1 and S	excluded	the bill history names this vote as a procedural motion, not a vote on the measure; Delaware's description says only 'Third Reading'
1713086	house	2026-07-01	HB445	died	26-8	passage	5		1713085	An Act To Amend Title 26 And Title 29 Of The Delaware Code Relating To Large Energy Use Facilities.	Passed By House. Votes: 26 YES 8 NO 7 NOT VOTING	out-of-gate	the measure died; the campaign gate is divided and enacted
1708788	house	2026-06-11	HB448	became law	25-8	passage	5			An Act To Amend Title 15 Of The Delaware Code Relating To Campaign Expenditures.	Passed By House. Votes: 25 YES 8 NO 6 NOT VOTING 2 ABSENT	dropped	filter-5 drop: makes candidate security costs an allowed campaign expense. Neither direction is honest inside anti_corruption.
1713176	senate	2026-07-01	HB448	became law	14-6	passage	8			An Act To Amend Title 15 Of The Delaware Code Relating To Campaign Expenditures.	Passed By Senate. Votes: 14 YES 6 NO 1 ABSENT	dropped	filter-5 drop: makes candidate security costs an allowed campaign expense. Neither direction is honest inside anti_corruption.
1710364	house	2026-06-18	HB451	passed one chamber	26-12	passage	5			An Act To Amend Title 6 Of The Delaware Code Relating To Fair Housing And Disparate Impact Liability.	Passed By House. Votes: 26 YES 12 NO 3 ABSENT	out-of-gate	the measure passed one chamber; the campaign gate is divided and enacted
1712706	senate	2026-06-30	HB458	became law	14-6	passage	9			An Act To Amend Title 16 Of The Delaware Code Relating To Backflow.	Passed By Senate. Votes: 14 YES 6 NO 1 NOT VOTING	dropped	filter-5 drop: bars counties and towns requiring backflow preventers in low-hazard buildings, while keeping them where a public well supplies the water. Read as cutting business cost it scores one way, read as weakening a drinking-water safeguard the other.
1712590	senate	2026-06-30	HB462	became law	14-4	passage	9			An Act To Amend Title 14 Of The Delaware Code Relating To School Taxes.	Passed By Senate. Votes: 14 YES 4 NO 2 NOT VOTING 1 ABSENT	dropped	filter-5 drop: continues split residential and non-residential school tax rates in New Castle County. Local tax mechanics.
1591731	house	2025-06-17	HB48	became law	27-7	passage	5			An Act To Amend Titles 9, 21, And 22 Of The Delaware Code Relating To Accessible Parking Spaces.	Passed By House. Votes: 27 YES 7 NO 2 NOT VOTING 5 ABSENT	batch-02	judged and imported
1548480	house	2025-04-15	HB50	became law	27-12	passage	5	1595667		An Act To Amend Titles 7 And 29 Of The Delaware Code Relating To Energy Assistance.	Passed By House. Votes: 27 YES 12 NO 2 ABSENT	superseded	the same chamber voted again on this measure later (roll 1595667); the later vote is the one on the text that became law
1594262	senate	2025-06-24	HB50	became law	15-6	passage	9	1596903		An Act To Amend Titles 7 And 29 Of The Delaware Code Relating To Energy Assistance.	Passed By Senate. Votes: 15 YES 6 NO	superseded	the same chamber voted again on this measure later (roll 1596903); the later vote is the one on the text that became law
1595667	house	2025-06-26	HB50	became law	27-13	passage	5			An Act To Amend Titles 7 And 29 Of The Delaware Code Relating To Energy Assistance.	Passed By House. Votes: 27 YES 13 NO 1 VACANT	batch-01	judged and imported
1596903	senate	2025-06-30	HB50	became law	15-6	passage	9			An Act To Amend Titles 7 And 29 Of The Delaware Code Relating To Energy Assistance.	Passed By Senate. Votes: 15 YES 6 NO	batch-01	judged and imported
1551826	house	2025-04-17	HB56	became law	29-8	passage	5			An Act To Amend Titles 18, 29, And 31 Of The Delaware Code Relating To Coverage For Removal Of Excess Skin And Subcutaneous Tissue.	Passed By House. Votes: 29 YES 8 NO 4 ABSENT	batch-02	judged and imported
1700042	house	2026-05-19	HB59	became law	23-11	passage	5	1708581		An Act To Amend Title 11 Of The Delaware Code Relating To Release And Publication Of The Name And Photograph Of Individuals Charged With Crimes Or Del	Passed By House. Votes: 23 YES 11 NO 7 ABSENT	superseded	the same chamber voted again on this measure later (roll 1708581); the later vote is the one on the text that became law
1708581	house	2026-06-11	HB59	became law	31-8	passage	5			An Act To Amend Title 11 Of The Delaware Code Relating To Release And Publication Of The Name And Photograph Of Individuals Charged With Crimes Or Del	Passed By House. Votes: 31 YES 8 NO 2 ABSENT	dropped	filter-5 drop: limits police release of an adult suspect's name and photo. Transparency and privacy pull opposite ways inside public_safety_and_crime_control.
1713204	senate	2026-07-01	HB59	became law	15-5	passage	8			An Act To Amend Title 11 Of The Delaware Code Relating To Release And Publication Of The Name And Photograph Of Individuals Charged With Crimes Or Del	Passed By Senate. Votes: 15 YES 5 NO 1 NOT VOTING	dropped	filter-5 drop: limits police release of an adult suspect's name and photo. Transparency and privacy pull opposite ways inside public_safety_and_crime_control.
1540030	house	2025-04-08	HB62	became law	28-12	passage	5			An Act To Amend Titles 22 And 26 Of The Delaware Code Relating To The Termination Of Utility Services.	Passed By House. Votes: 28 YES 12 NO 1 ABSENT	batch-02	judged and imported
1529458	house	2025-03-27	HB67	became law	23-14	passage	5			An Act To Amend Title 21 Of The Delaware Code Relating To The Removal Of Motor vehicles From Private Or Public Property By Private Tow Companies.	Passed By House. Votes: 23 YES 14 NO 1 NOT VOTING 3 ABSENT	batch-02	judged and imported
1594486	house	2025-06-24	HB70	became law	26-12	passage	5	1596724		An Act To Amend Titles 16 And 25 Of The Delaware Code Relating To Lead-based Paint.	Passed By House. Votes: 26 YES 12 NO 2 NOT VOTING 1 VACANT	superseded	the same chamber voted again on this measure later (roll 1596724); the later vote is the one on the text that became law
1596723	senate	2025-06-30	HB70	became law	15-6	passage	9			An Act To Amend Titles 16 And 25 Of The Delaware Code Relating To Lead-based Paint.	Passed By Senate. Votes: 15 YES 6 NO	batch-01	judged and imported
1596724	house	2025-06-30	HB70	became law	26-11	passage	5			An Act To Amend Titles 16 And 25 Of The Delaware Code Relating To Lead-based Paint.	Passed By House. Votes: 26 YES 11 NO 2 NOT VOTING 1 ABSENT 1 VACANT	batch-01	judged and imported
1599333	house	2025-08-12	HB73	introduced	17-10	unresolved	4			An Act To Amend Title 14 And 29 Of The Delaware Code Relating To The Senior Property Tax Credit.		excluded	no bill-history line matches this roll on date and tally, so what the chamber was voting on cannot be established from the record
1551391	house	2025-04-17	HB79	became law	29-8	passage	5			An Act To Amend Title 14 Of The Delaware Code Relating To Limitations On The Use Of Seclusion And Restraint.	Passed By House. Votes: 29 YES 8 NO 4 ABSENT	dropped	filter-5 drop after a full read: expands reporting on mechanical restraint and seclusion in schools, but the same act writes school resource officers out of the restraint limits and newly lets an untrained officer fill in for an absent one. Both currents sit inside public_education_quality, so no honest direction.
1565819	house	2025-05-06	HB8	died	12-23	passage	5			An Act To Amend Title 13 Of The Delaware Code Relating To Marriages.	Defeated By House. Votes: 12 YES 23 NO 1 NOT VOTING 5 ABSENT	out-of-gate	the measure died; the campaign gate is divided and enacted
1709683	house	2026-06-16	HB88	died	26-14	passage	5			An Act Proposing An Amendment To Article V Of The Delaware Constitution Relating To Voting.	Defeated By House. Votes: 26 YES 14 NO 1 ABSENT	out-of-gate	the measure died; the campaign gate is divided and enacted
1596475	senate	2025-06-30	HB91	became law	16-5	passage	9			An Act To Amend Title 14 Of The Delaware Code Relating To School Meals.	Passed By Senate. Votes: 16 YES 5 NO	batch-02	judged and imported
1684513	house	2026-04-16	HB94	passed both, awaiting governor	27-14	passage	5			An Act Amending Titles 10 And 11 Of The Delaware Code Relating To Law Enforcement Cooperation In Federal Immigration Enforcement.	Passed By House. Votes: 27 YES 14 NO	batch-03	the Governor signed the measure on the date shown in the Delaware action log, after the dataset cut; judged and imported
1711976	senate	2026-06-25	HB94	passed both, awaiting governor	15-6	passage	9			An Act Amending Titles 10 And 11 Of The Delaware Code Relating To Law Enforcement Cooperation In Federal Immigration Enforcement.	Passed By Senate. Votes: 15 YES 6 NO	batch-03	the Governor signed the measure on the date shown in the Delaware action log, after the dataset cut; judged and imported
1595264	house	2025-06-25	HB96	passed one chamber	21-14	passage	5			An Act To Amend Title 29 Of The Delaware Code Relating To Reports From The Department Of Justice To The Delaware General Assembly, Governor, And Offic	Passed By House. Votes: 21 YES 14 NO 2 NOT VOTING 3 ABSENT 1 VACANT	out-of-gate	the measure passed one chamber; the campaign gate is divided and enacted
1576361	senate	2025-05-22	SB10	became law	15-5	passage	9	1596516		An Act To Amend Title 11 And Title 29 Of The Delaware Code Relating To Modification Of Sentences Of Incarceration.	Passed By Senate. Votes: 15 YES 5 NO 1 ABSENT	superseded	the same chamber voted again on this measure later (roll 1596516); the later vote is the one on the text that became law
1595568	house	2025-06-26	SB10	became law	28-12	passage	5			An Act To Amend Title 11 And Title 29 Of The Delaware Code Relating To Modification Of Sentences Of Incarceration.	Passed By House. Votes: 28 YES 12 NO 1 VACANT	dropped	"filter-5 drop after a full read: the Richard ""Mouse"" Smith Compassionate Release Act. It opens three new routes to a reduced sentence and removes the Board of Parole gate, but it also stretches the wait after a denial from one year to as much as three, adds an open-ended summary dismissal power, and adds a victim-and-witness safety finding. Release and safety pull opposite ways inside public_safety_and_crime_control."
1587450	senate	2025-06-10	SB100	died	16-5	passage	9			An Act Proposing An Amendment To Article I Of The Delaware Constitution Relating To The Right To Marry.	Passed By Senate. Votes: 16 YES 5 NO	out-of-gate	the measure died; the campaign gate is divided and enacted
1712655	house	2026-06-30	SB100	died	28-12	passage	5			An Act Proposing An Amendment To Article I Of The Delaware Constitution Relating To The Right To Marry.	Passed By House. Votes: 28 YES 12 NO 1 ABSENT	out-of-gate	the measure died; the campaign gate is divided and enacted
1597103	house	2025-07-01	SB115	became law	27-12	passage	5			An Act To Amend Title 25 Of The Delaware Code Relating To Summary Possession.	Passed By House. Votes: 27 YES 12 NO 1 ABSENT 1 VACANT	dropped	filter-5 drop: shields eviction filings from public view once conditions are met. This is an eviction record rule, and housing_affordability is defined as housing supply and cost burdens, so the Maryland HB 767 retraction puts it outside the area.
1712749	house	2026-06-30	SB116	became law	25-14	passage	5			An Act To Amend Title 25 Of The Delaware Code Relating To Right Of Redemption.	Passed By House. Votes: 25 YES 14 NO 1 NOT VOTING 1 ABSENT	dropped	filter-5 drop: lets a tenant stop an eviction for unpaid rent by paying what is owed. This is eviction procedure, and housing_affordability is defined as housing supply and cost burdens — the Maryland HB 767 retraction settled that this does not fit the area.
1713169	senate	2026-07-01	SB116	became law	16-4	passage	8			An Act To Amend Title 25 Of The Delaware Code Relating To Right Of Redemption.	Passed By Senate. Votes: 16 YES 4 NO 1 NOT VOTING	dropped	filter-5 drop: lets a tenant stop an eviction for unpaid rent by paying what is owed. This is eviction procedure, and housing_affordability is defined as housing supply and cost burdens — the Maryland HB 767 retraction settled that this does not fit the area.
1711096	house	2026-06-23	SB13	became law	27-13	passage	5			An Act To Amend Title 6 And Title 16 Of The Delaware Code Relating To Hospital Charity Care And Financial Assistance.	Passed By House. Votes: 27 YES 13 NO 1 ABSENT	batch-02	judged and imported
1587578	senate	2025-06-10	SB159	became law	15-5	passage	8	1596570		An Act To Amend Title 26 Of The Delaware Code Relating To Public Utilities.	Passed By Senate. Votes: 15 YES 5 NO 1 ABSENT	superseded	the same chamber voted again on this measure later (roll 1596570); the later vote is the one on the text that became law
1596569	house	2025-06-30	SB159	became law	25-15	passage	5			An Act To Amend Title 26 Of The Delaware Code Relating To Public Utilities.	Passed By House. Votes: 25 YES 15 NO 1 VACANT	dropped	filter-5 drop after a full read: forces counties to permit an electric substation serving a large renewable project, and retroactively deems an already-denied application granted. Read as clearing an obstacle to clean power it scores for; read as stripping county environmental and land-use review it scores against. Both are defensible.
1596570	senate	2025-06-30	SB159	became law	15-6	passage	9			An Act To Amend Title 26 Of The Delaware Code Relating To Public Utilities.	Passed By Senate. Votes: 15 YES 6 NO	dropped	filter-5 drop after a full read: forces counties to permit an electric substation serving a large renewable project, and retroactively deems an already-denied application granted. Read as clearing an obstacle to clean power it scores for; read as stripping county environmental and land-use review it scores against. Both are defensible.
1596937	senate	2025-06-30	SB174	became law	15-6	passage	9			An Act To Amend Title 11 And Title 16 Of The Delaware Code Relating To An Animal Abuse Offender List.	Passed By Senate. Votes: 15 YES 6 NO	dropped	filter-5 drop: creates a public animal abuse offender list. No research area covers animal welfare.
1615471	senate	2026-01-21	SB179	became law	14-6	passage	8			An Act To Amend Title 11 Of The Delaware Code Relating To The Delaware Sentencing Guidelines And Accountability Commission.	Passed By Senate. Votes: 14 YES 6 NO 1 ABSENT	dropped	filter-5 drop: recodifies the Sentencing Accountability Commission. Housekeeping.
1711053	house	2026-06-23	SB179	became law	27-14	passage	5			An Act To Amend Title 11 Of The Delaware Code Relating To The Delaware Sentencing Guidelines And Accountability Commission.	Passed By House. Votes: 27 YES 14 NO	dropped	filter-5 drop: recodifies the Sentencing Accountability Commission. Housekeeping.
1698221	house	2026-05-14	SB201	became law	26-10	passage	5			An Act To Amend Title 24 Of The Delaware Code Relating To Real Estate Brokers And Salespersons	Passed By House. Votes: 26 YES 10 NO 2 NOT VOTING 3 ABSENT	batch-02	judged and imported
1599327	house	2025-08-12	SB203	became law	30-9	passage	5			An Act To Amend Title 9 Of The Delaware Code Relating To County Tax Levy.	Passed By House. Votes: 30 YES 9 NO 2 ABSENT	dropped	filter-5 drop: codifies existing county authority to tax classes of property at different rates. Tax mechanics, and the act states it is a codification of longstanding law.
1708718	senate	2026-06-11	SB23	became law	14-6	passage	9			An Act To Amend Title 9, Title 22, And Title 29 Of The Delaware Code Relating To Housing Supply And Housing Affordability.	Passed By Senate. Votes: 14 YES 6 NO 1 ABSENT	batch-01	judged and imported
1711037	house	2026-06-23	SB23	became law	29-11	passage	5			An Act To Amend Title 9, Title 22, And Title 29 Of The Delaware Code Relating To Housing Supply And Housing Affordability.	Passed By House. Votes: 29 YES 11 NO 1 NOT VOTING	batch-01	judged and imported
1713318	house	2026-07-01	SB232	passed both, awaiting governor	32-9	passage	5			An Act To Amend Title 11 Of The Delaware Code Relating To Criminal Mischief.	Passed By House. Votes: 32 YES 9 NO	out-of-gate	the measure passed both, awaiting governor; the campaign gate is divided and enacted
1573995	senate	2025-05-20	SB24	became law	14-6	passage	9			An Act To Amend Titles 14 And 19 Of The Delaware Code Relating To The Public School Employment Relations Act And The Public Employment Relations Act.	Passed By Senate. Votes: 14 YES 6 NO 1 ABSENT	dropped	filter-5 drop: lets an employee organization be certified on signatures from more than half a bargaining unit without an election. No research area covers labor or union rights.
1595630	house	2025-06-26	SB24	became law	26-12	passage	5			An Act To Amend Titles 14 And 19 Of The Delaware Code Relating To The Public School Employment Relations Act And The Public Employment Relations Act.	Passed By House. Votes: 26 YES 12 NO 2 ABSENT 1 VACANT	dropped	filter-5 drop: lets an employee organization be certified on signatures from more than half a bargaining unit without an election. No research area covers labor or union rights.
1698189	senate	2026-05-14	SB249	passed both, awaiting governor	15-6	passage	9			An Act To Amend Title 16 And Title 29 Of The Delaware Code Relating To Substance Use Harm Reduction.	Passed By Senate. Votes: 15 YES 6 NO	out-of-gate	the measure passed both, awaiting governor; the campaign gate is divided and enacted
1711043	house	2026-06-23	SB249	passed both, awaiting governor	22-16	passage	5			An Act To Amend Title 16 And Title 29 Of The Delaware Code Relating To Substance Use Harm Reduction.	Passed By House. Votes: 22 YES 16 NO 2 NOT VOTING 1 ABSENT	out-of-gate	the measure passed both, awaiting governor; the campaign gate is divided and enacted
1694203	house	2026-05-05	SB250	became law	26-10	passage	5			An Act To Amend Title 10, Title 13, And Title 16 Of The Delaware Code Relating To The Uniform Parentage Act.	Passed By House. Votes: 26 YES 10 NO 2 NOT VOTING 3 ABSENT	batch-02	judged and imported
1613601	senate	2026-01-13	SB26	passed both, awaiting governor	16-5	passage	9			An Act To Amend Title 19 Of The Delaware Code Relating To Unemployment Compensation.	Passed By Senate. Votes: 16 YES 5 NO	out-of-gate	the measure passed both, awaiting governor; the campaign gate is divided and enacted
1693859	house	2026-05-05	SB26	passed both, awaiting governor	26-9	passage	5			An Act To Amend Title 19 Of The Delaware Code Relating To Unemployment Compensation.	Passed By House. Votes: 26 YES 9 NO 6 ABSENT	out-of-gate	the measure passed both, awaiting governor; the campaign gate is divided and enacted
1701119	senate	2026-05-21	SB272	passed one chamber	15-5	passage	8			An Act To Amend Title 14 And Title 29 Of The Delaware Code Relating To Project Labor Agreements For School District Public Works Contracts.	Passed By Senate. Votes: 15 YES 5 NO 1 ABSENT	out-of-gate	the measure passed one chamber; the campaign gate is divided and enacted
1543826	senate	2025-04-10	SB3	passed both, awaiting governor	16-5	passage	9	1681796		An Act Proposing An Amendment To Article V Of The Delaware Constitution Relating To Voting.	Passed By Senate. Votes: 16 YES 5 NO	out-of-gate	the measure passed both, awaiting governor; the campaign gate is divided and enacted
1681796	senate	2026-04-14	SB3	passed both, awaiting governor	14-5	passage	9			An Act Proposing An Amendment To Article V Of The Delaware Constitution Relating To Voting.	Passed By Senate. Votes: 14 YES 5 NO 2 ABSENT	out-of-gate	the measure passed both, awaiting governor; the campaign gate is divided and enacted
1701387	senate	2026-05-21	SB300	passed both, awaiting governor	14-6	passage	8	1712692		An Act To Amend Title 11, Title 16, And Title 24 Of The Delaware Code Relating To Deadly Weapons Dealers.	Passed By Senate. Votes: 14 YES 6 NO 1 ABSENT	superseded	the same chamber voted again on this measure later (roll 1712692); the later vote is the one on the text that became law
1712097	house	2026-06-25	SB300	passed both, awaiting governor	27-11	passage	5			An Act To Amend Title 11, Title 16, And Title 24 Of The Delaware Code Relating To Deadly Weapons Dealers.	Passed By House. Votes: 27 YES 11 NO 1 NOT VOTING 2 ABSENT	batch-03	the Governor signed the measure on the date shown in the Delaware action log, after the dataset cut; judged and imported
1712692	senate	2026-06-30	SB300	passed both, awaiting governor	14-7	passage	9			An Act To Amend Title 11, Title 16, And Title 24 Of The Delaware Code Relating To Deadly Weapons Dealers.	Passed By Senate. Votes: 14 YES 7 NO	batch-03	the Governor signed the measure on the date shown in the Delaware action log, after the dataset cut; judged and imported
1711997	house	2026-06-25	SB320	became law	27-12	passage	5			An Act To Amend Title 16 And Title 24 Of The Delaware Code Relating To Pharmacy And Pharmacists.	Passed By House. Votes: 27 YES 12 NO 2 ABSENT	dropped	filter-5 drop: lets pharmacists evaluate patients, order tests, and prescribe without a statewide protocol. Access improves, but the objection is patient safety and quality of care sits inside healthcare_affordability's own definition, so the Montana HB 218 precedent applies.
1711965	house	2026-06-25	SB322	became law	29-8	passage	5			Act To Amend Title 14 Of The Delaware Code Relating To Local School Taxes.	Passed By House. Votes: 29 YES 8 NO 2 NOT VOTING 2 ABSENT	dropped	filter-5 drop: repeals school districts' power to raise rates up to 10% after a reassessment and caps the revenue increase. Read as tax relief it scores one way, read as cutting school revenue it scores the other.
1712798	house	2026-06-30	SB326	became law	30-11	passage	5			An Act To Amend Title 26 Of The Delaware Code Relating To The Public Service Commission.	Passed By House. Votes: 30 YES 11 NO	batch-02	judged and imported
1715957	senate	2026-07-27	SB353	introduced	6-15	unresolved	9			An Act To Amend The Laws Of Delaware Relating To A Moratorium On Data Center Development.		excluded	no bill-history line matches this roll on date and tally, so what the chamber was voting on cannot be established from the record
1514864	senate	2025-03-11	SB5	passed one chamber	15-6	passage	9			An Act Proposing An Amendment To Article I Of The Delaware Constitution Relating To The Right To Reproductive Freedom.	Passed By Senate. Votes: 15 YES 6 NO	out-of-gate	the measure passed one chamber; the campaign gate is divided and enacted
1595211	house	2025-06-25	SB60	became law	29-9	passage	5			An Act To Amend Title 26 Of The Delaware Code Relating To Public Utilities And Utility Rates.	Passed By House. Votes: 29 YES 9 NO 2 ABSENT 1 VACANT	batch-02	judged and imported
1570573	senate	2025-05-13	SB63	vetoed	14-7	passage	9	1618139		An Act To Amend Title 19 Of The Delaware Code Relating To Labor.	Passed By Senate. Votes: 14 YES 7 NO	out-of-gate	the measure vetoed; the campaign gate is divided and enacted
1594993	house	2025-06-25	SB63	vetoed	25-13	passage	5	1618696		An Act To Amend Title 19 Of The Delaware Code Relating To Labor.	Passed By House. Votes: 25 YES 13 NO 2 ABSENT 1 VACANT	out-of-gate	the measure vetoed; the campaign gate is divided and enacted
1618139	senate	2026-01-28	SB63	vetoed	15-6	unresolved	9			An Act To Amend Title 19 Of The Delaware Code Relating To Labor.		excluded	no bill-history line matches this roll on date and tally, so what the chamber was voting on cannot be established from the record
1618696	house	2026-01-28	SB63	vetoed	25-15	unresolved	5			An Act To Amend Title 19 Of The Delaware Code Relating To Labor.		excluded	no bill-history line matches this roll on date and tally, so what the chamber was voting on cannot be established from the record
1548751	senate	2025-04-15	SB75	vetoed	13-8	passage	9	1618454		An Act To Amend Title 4 Of The Delaware Code Relating To Local Control Of Retail Marijuana Stores By Counties.	Passed By Senate. Votes: 13 YES 8 NO	out-of-gate	the measure vetoed; the campaign gate is divided and enacted
1595011	house	2025-06-25	SB75	vetoed	25-13	passage	5	1713154		An Act To Amend Title 4 Of The Delaware Code Relating To Local Control Of Retail Marijuana Stores By Counties.	Passed By House. Votes: 25 YES 13 NO 1 NOT VOTING 1 ABSENT 1 VACANT	out-of-gate	the measure vetoed; the campaign gate is divided and enacted
1618454	senate	2026-01-28	SB75	vetoed	14-6	unresolved	9			An Act To Amend Title 4 Of The Delaware Code Relating To Local Control Of Retail Marijuana Stores By Counties.		excluded	no bill-history line matches this roll on date and tally, so what the chamber was voting on cannot be established from the record
1713154	house	2026-07-01	SB75	vetoed	25-16	unresolved	5			An Act To Amend Title 4 Of The Delaware Code Relating To Local Control Of Retail Marijuana Stores By Counties.		excluded	no bill-history line matches this roll on date and tally, so what the chamber was voting on cannot be established from the record
1572073	senate	2025-05-15	SB82	became law	15-6	passage	9			An Act To Amend Title 10 Of The Delaware Code Relating To Lethal Violence Protective Orders.	Passed By Senate. Votes: 15 YES 6 NO	batch-01	judged and imported
1712737	house	2026-06-30	SJR19	became law	31-10	passage	5			Directing The Department Of Health & Social Services To Explore Solutions Related To The State’s High Health Care Costs.	Passed By House. Votes: 31 YES 10 NO	dropped	filter-5 drop: directs the health department to study ways to lower health care costs and report by January 1, 2027. A study resolve with no operative duty.
