bill	type	chamber	date	roll	yea	nay	status	qclass	roll_number_in_history	disposition	desc	title
HB103	B	house	2021-03-02	1019613	75	22	4	passage	yes	batch-01	Motion to Read a Third Time and Pass Roll Call 238	Emergency Management Act of 1955, states of emergency, business and religious entities authorized to operate under certain conditions
HB116	B	senate	2021-04-22	1060108	21	6	4	passage	yes	batch-01	Motion to Read a Third Time and Pass Roll Call 1143	Elections, Sec. of State authorized to conduct a one-time post-election audit of vote count
HB123	B	senate	2021-04-20	1057454	18	10	4	passage	yes	batch-01	Motion to Read a Third Time and Pass Roll Call 1081	Voter registration lists, prosecutors, judges, and law enforcement officers, a registered voter or spouse authorized to have personal info omitted, Se
HB15	B	house	2021-02-09	1001962	68	19	4	passage	yes	dropped: narrow budget carve-out, no research area	Motion to Read a Third Time and Pass Roll Call 40	Taxation, to update the disbursement of certain license taxes and registration fees, Sec. 40-12-270 am'd.
HB154	B	senate	2021-04-22	1060614	17	12	4	passage	yes	batch-01	Motion to Read a Third Time and Pass Roll Call 1146	Campaign finance reports, electronic filing with Secretary of State required, revise report deadline, Secs. 17-5-4, 17-5-5, 17-5-8, 17-5-9, 17-5-10, 1
HB184	B	house	2021-03-16	1029612	73	27	2	passage	yes	deferred to batch-02: the measure did not become law	Motion to Read a Third Time and Pass Roll Call 465	Health, St. Bd. of, immunization registry, reports re immunization vaccines, review by providers, Sec. 22-11B-2 am'd.
HB202	B	house	2021-04-29	1066323	71	21	2	passage	yes	deferred to batch-02: the measure did not become law	Motion to Read a Third Time and Pass Roll Call 1069	Grand juries, remove grand jury witnesses from certain provisions limiting disclosure of testimony, court reporter or stenographer required to record 
HB238	B	house	2021-04-20	1057114	42	45	1	passage	yes	deferred to batch-02: the measure did not become law	Motion to Read a Third Time and Pass Roll Call 903	Watercraft, operation of, boater safety certification requirements, further provided, Secs. 32-5A-191.3, 33-5-51, 33-5-52, 33-5-72 am'd.
HB239	B	house	2021-04-15	1054860	76	24	2	passage	yes	deferred to batch-02: the measure did not become law	Motion to Read a Third Time and Pass Roll Call 889	Crimes and offenses, to revise the criminal penalties for violations of fleeing or attempting to elude law enforcement, Sec. 13A-10-52 am'd.
HB24	B	house	2021-02-09	999235	63	33	2	passage	yes	deferred to batch-02: the measure did not become law	Motion to Read a Third Time and Pass Roll Call 33	Sentencing standards, to provide for resentencing of certain individuals convicted of nonviolent offenses, procedure for resentencing, Sec. 12-25-34.3
HB246	B	house	2021-03-11	1026862	73	25	4	passage	yes	batch-01	Motion to Read a Third Time and Pass Roll Call 387	Education, grades K-12, yoga, authorize local boards of education to offer to students
HB246	B	senate	2021-05-06	1074303	23	7	4	passage	yes	batch-01	Motion to Read a Third Time and Pass Roll Call 1408	Education, grades K-12, yoga, authorize local boards of education to offer to students
HB273	B	house	2021-05-06	1073639	58	25	4	concurrence	yes	batch-01	Drummond motion to Concur In and Adopt Roll Call 1125	Nicotine, age raised to buy, possess, or use nicotine products to 21, restrictions on marketing of certain nicotine products, Secs. 28-11-17.1, 28-11-
HB285	B	house	2021-03-18	1031588	74	25	4	passage	yes	batch-01	Motion to Read a Third Time and Pass Roll Call 496	Elections, electronic voting machines, curb side voting, operation of voting machines prohibited except on the inside of buildings designated as votin
HB332	B	house	2021-04-07	1047819	55	18	4	passage	yes	dropped: narrow window-tint exemption, no research area	Motion to Read a Third Time and Pass Roll Call 690	Motor vehicles, law enforcement officers, dark tint on personal vehicles authorized, Sec. 32-5C-2 am'd.
HB385	B	house	2021-03-02	1019608	69	30	4	passage	yes	batch-01	Motion to Read a Third Time and Pass Roll Call 243	Education, public K-12 schools, sex education, revising the focus of content, course materials and instructions provided, Sec. 16-40A-2 am'd.
HB385	B	senate	2021-04-20	1057884	18	6	4	passage	yes	batch-01	Motion to Read a Third Time and Pass Roll Call 1053	Education, public K-12 schools, sex education, revising the focus of content, course materials and instructions provided, Sec. 16-40A-2 am'd.
HB388	B	house	2021-04-06	1046381	75	24	4	passage	yes	batch-01	Motion to Read a Third Time and Pass Roll Call 653	Elections, requires implementation date of any legislation affecting conduct of general election to be at least six months before general election, co
HB391	B	house	2021-03-18	1031172	74	19	4	passage	yes	batch-01	Motion to Read a Third Time and Pass Roll Call 480	Schools, public K-12, athletic events allowing competition by one biological gender against another prohibited unless the event specifically includes 
HB404	B	house	2021-03-09	1024976	63	31	4	passage	yes	batch-01	Motion to Read a Third Time and Pass Roll Call 326	Student athletes, may earn compensation for use of name, image, or likeness, conditions established, certain postsecondary educational institutions ma
HB445	B	house	2021-03-18	1031548	74	25	2	passage	yes	deferred to batch-02: the measure did not become law	Motion to Read a Third Time and Pass Roll Call 490	Crimes and offenses, assault against a first responder, created, riot and inciting to riot, further provided, aggravated riot, and unlawful traffic in
HB555	B	house	2021-04-20	1057862	68	22	4	passage	yes	dropped: narrow, no research area	Motion to Read a Third Time and Pass Roll Call 910	Recreational vehicle parks, duty of law enforcement to remove illegal guests upon operator's request further provided for, Sec. 35-15-30 am'd.
HB560	B	house	2021-04-20	1057962	67	20	2	passage	yes	deferred to batch-02: the measure did not become law	Motion to Read a Third Time and Pass Roll Call 908	Alcoholic beverage retailers, authorize drive-thru and walk-up service to purchase alcoholic beverages for off premises consumption
HB631	B	house	2021-04-22	1061266	77	20	4	passage	yes	batch-01	Motion to Read a Third Time and Pass Roll Call 952	Public waterways, Conservation and Natural Resources Dept, establishment of Alabama State Reservoir Management Development Program for reservoir mange
HB72	B	house	2021-03-16	1029124	58	38	2	passage	yes	deferred to batch-02: the measure did not become law	Motion to Read a Third Time and Pass Roll Call 445	Pardons and Paroles, mandatory supervised release of inmates, apply certain sentencing provisions to certain defendants, Sec. 15-22-26.2 am'd.
HB90	B	house	2021-04-06	1045935	47	48	1	passage	yes	deferred to batch-02: the measure did not become law	Motion to Read a Third Time and Pass Roll Call 660	Motor vehicles, distracted driving, use of cell phone while operating a motor vehicle prohibited, exceptions, Secs. 32-5A-353 to 32-5A-358, inclusive,
SB107	B	house	2021-04-13	1051692	61	28	4	passage	yes	batch-01	Motion to Read a Third Time and Pass Roll Call 792	Municipalities, police jurisdictions may not be extended, municipal planning jurisdiction limited, audit of expenditure of fees in police jurisdiction
SB117	B	house	2021-04-13	1052093	57	38	4	passage	yes	batch-01	Motion to Read a Third Time and Pass Roll Call 813	Expungement, to expand the expungement of criminal records to include convictions of certain misdemeanor offenses, traffic violations, municipal ordin
SB131	B	senate	2021-03-18	1031317	9	10	2	passage	yes	deferred to batch-02: the measure did not become law	Motion to Read a Third Time and Pass Roll Call 672	Etowah County, require animal byproduct processing facilities to compensate property owners for devaluation, tipping fees authorized, removal of aband
SB158	B	senate	2021-03-04	1021832	21	8	2	passage	yes	deferred to batch-02: the measure did not become law	Motion to Read a Third Time and Pass Roll Call 442	Law enforcement, procedures to create a database to maintain law enforcement information providing civil protections, providing for background checks 
SB214	B	senate	2021-03-09	1024562	19	13	1	passage	yes	deferred to batch-02: the measure did not become law	Motion to Read a Third Time and Pass Roll Call 474	Gaming, Alabama Education Lottery established, Alabama Education Lottery Corporation and Alabama Gaming Commission estab. to license and regulate gami
SB246	B	senate	2021-04-13	1051876	9	5	1	passage	yes	deferred to batch-02: the measure did not become law	Motion to Read a Third Time and Pass Roll Call 907	Etowah Co., prohibit commencement of operations at certain animal byproduct processing facilities near municipal limits after January 1, 2021.
SB308	B	house	2021-04-08	1048304	69	18	4	passage	yes	batch-01	Motion to Read a Third Time and Pass Roll Call 704	Firearms, concealed carry permits, time periods for permits including lifetime permits, fees, statewide standardized issuance and information manageme
SB319	B	senate	2021-04-13	1051702	23	9	2	passage	yes	deferred to batch-02: the measure did not become law	Motion to Read a Third Time and Pass Roll Call 960	Gaming, Alabama Education Lottery established, Alabama Education Lottery Corporation and Alabama Gaming Commission estab. to license and regulate gami
SB323	B	house	2021-05-17	1078918	67	29	4	concurrence	yes	batch-01	Hill motion to Concur In and Adopt Roll Call 1206	Corrections Dept., prisoners deduction for sentences for completion of qualifying educational programs, adoption rules for administration of education
SB368	B	senate	2021-04-27	1064340	21	6	2	passage	yes	deferred to batch-02: the measure did not become law	Motion to Read a Third Time and Pass Roll Call 1163	Public K-12 schools, drinking water provided in schools, water bottle use to be regulated
SB46	B	senate	2021-02-24	1014494	20	10	3	passage	yes	deferred to batch-02: the measure did not become law	Motion to Read a Third Time and Pass Roll Call 251	Medical Cannabis, program established to allow use of for certain conditions, defense against prosecution for marijuana possession established, Secs. 
SB46	B	house	2021-05-06	1073791	68	34	3	passage	yes	deferred to batch-02: the measure did not become law	Motion to Read a Third Time and Pass Roll Call 1146	Medical Cannabis, program established to allow use of for certain conditions, defense against prosecution for marijuana possession established, Secs. 
SB46	B	senate	2021-05-06	1074242	20	9	3	concurrence	yes	deferred to batch-02: the measure did not become law	Melson motion to Concur In and Adopt Roll Call 1393	Medical Cannabis, program established to allow use of for certain conditions, defense against prosecution for marijuana possession established, Secs. 
SB55	B	house	2021-04-15	1054024	63	24	4	passage	yes	dropped: narrow fee schedule, no research area	Motion to Read a Third Time and Pass Roll Call 873	Fireworks, State Fire Marshal, fees for manufacturing, sale, display, increased, common fireworks, redesignated consumer fireworks, authorized to be s
SB73	B	senate	2021-02-09	1002091	23	6	4	passage	yes	dropped: narrow professional-board scope, no research area	Motion to Read a Third Time and Pass Roll Call 125	Athletic Trainers, Board of, treatment of physically active individual provided, relationship between trainer and supervising or referring physician p
SB87	B	house	2021-04-08	1053865	69	18	2	passage	NO	dropped at filter 0: the printed roll call number is not in this bill's own history (a roll from another session, see ../legiscan-al-1756/CODE-FINDINGS.md)	Motion to Read a Third Time and Pass Roll Call 704	District attorneys, assistant district attorneys, not subject to co. personnel systems, Sec. 12-17-220.1 am'd.
SB91	B	senate	2021-04-20	1057291	19	7	2	passage	yes	deferred to batch-02: the measure did not become law	Motion to Read a Third Time and Pass Roll Call 1040	Traffic stops, racial profiling by law enforcement officers, prohibited, written policies, forms for statistics, and reports to Attorney General requi
SB94	B	senate	2021-04-13	1051414	23	9	3	passage	yes	deferred to batch-02: the measure did not become law	Motion to Read a Third Time and Pass Roll Call 924	Literacy Act, third grade retention requirement postponed until 2024-2025 school year, Sec. 16-6G-5 am'd.
SB94	B	house	2021-05-17	1078959	68	27	3	passage	yes	deferred to batch-02: the measure did not become law	Motion to Read a Third Time and Pass Roll Call 1224	Literacy Act, third grade retention requirement postponed until 2024-2025 school year, Sec. 16-6G-5 am'd.
SB97	B	senate	2021-04-01	1043087	24	8	2	passage	yes	deferred to batch-02: the measure did not become law	Motion to Read a Third Time and Pass Roll Call 721	State Health Officer, order issued in response to outbreak of a disease has full force of law if approved by Governor and filed with Secretary of Stat
