bill	chamber	date	roll	yea	nay	passed	matched	desc	title	status_date	disposition
HB11	senate	2025-04-29	1561468	25	8	1	3	Senate: Third Reading	Appropriates money for the expenses, grants, refunds, and distributions of the Department of Social Services	2025-06-30	dropped:appropriations-no-honest-area
HB12	house	2025-04-03	1536978	95	48	1	80	House: HABs FOR THIRD READING HCS HB 12	Appropriates money for the expenses, grants, refunds, and distributions of statewide elected officials, the Judiciary, the Office of the State Public Defender, and the General Assembly	2025-06-30	dropped:appropriations-no-honest-area
HB12	senate	2025-04-29	1561591	27	7	1	3	Senate: Third Reading	Appropriates money for the expenses, grants, refunds, and distributions of statewide elected officials, the Judiciary, the Office of the State Public Defender, and the General Assembly	2025-06-30	dropped:appropriations-no-honest-area
HB12	house	2025-05-09	1569082	84	55	1	78	House: BILLS IN CONFERENCE CCS SS SCS HCS HB 12	Appropriates money for the expenses, grants, refunds, and distributions of statewide elected officials, the Judiciary, the Office of the State Public Defender, and the General Assembly	2025-06-30	dropped:appropriations-no-honest-area
HB13	senate	2025-04-29	1561461	27	7	1	3	Senate: Third Reading	Appropriates money for real property leases and related services	2025-06-30	dropped:appropriations-no-honest-area
HB14	senate	2025-03-12	1516600	26	8	1	3	Senate: Third Reading	Appropriates money for supplemental purposes	2025-03-18	dropped:appropriations-no-honest-area
HB145	house	2025-05-12	1569571	120	37	1	88	House: HBs WITH SENATE AMENDMENTS SS SCS HCS HBS 145 & 59, A.A.	Modifies provisions of the sunshine law	2025-07-14	not-a-measure-vote:previous-question
HB145	house	2025-05-12	1569572	107	50	1	88	House: HBs WITH SENATE AMENDMENTS SS SCS HCS HBS 145 & 59, A.A.	Modifies provisions of the sunshine law	2025-07-14	judged:batch-01
HB17	senate	2025-04-29	1561580	27	7	1	3	Senate: Third Reading	Appropriates money for capital improvement	2025-06-30	dropped:appropriations-no-honest-area
HB18	senate	2025-05-09	1569006	27	7	1	3	Senate: Third Reading	Appropriates money for the expenses, grants, refunds, and distributions of the several departments and offices of state government	2025-06-30	dropped:appropriations-no-honest-area
HB199	senate	2025-05-13	1570847	25	7	1	3	Senate: Third Reading	Modifies provisions relating to political subdivisions	2025-07-10	dropped:only-divided-house-roll-is-previous-question
HB199	house	2025-05-15	1571883	107	41	1	84	House: HBs WITH SENATE AMENDMENTS SS#2 SCS HB 199, A.A.	Modifies provisions relating to political subdivisions	2025-07-10	not-a-measure-vote:previous-question
HB2	house	2025-04-03	1535651	95	34	1	69	House: HABs FOR THIRD READING HCS HB 2	Appropriates money for the expenses, grants, refunds, and distributions of the State Board of Education and Department of Elementary and Secondary Education	2025-06-30	dropped:appropriations-no-honest-area
HB2	senate	2025-04-29	1561494	26	8	1	3	Senate: Third Reading	Appropriates money for the expenses, grants, refunds, and distributions of the State Board of Education and Department of Elementary and Secondary Education	2025-06-30	dropped:appropriations-no-honest-area
HB20	senate	2025-05-09	1569132	26	8	1	3	Senate: Third Reading	Appropriates money for the expenses, grants, refunds, and distributions of the several departments and offices of state government	2025-06-30	dropped:appropriations-no-honest-area
HB20	senate	2025-05-09	1578607	26	8	1	3	Senate: Conference Committee Report Adoption	Appropriates money for the expenses, grants, refunds, and distributions of the several departments and offices of state government	2025-06-30	dropped:appropriations-no-honest-area
HB225	house	2025-03-06	1507169	96	29	1	67	House: HBs FOR THIRD READING HB 225	Allows the chief law enforcement executive in any jurisdiction to request assistance from another jurisdiction, including a jurisdiction outside the state of Missouri	2025-07-14	dropped:filter5-omnibus-no-single-direction
HB225	house	2025-05-08	1568805	92	45	1	78	House: HBs WITH SENATE AMENDMENTS SS SCS HB 225, A.A., E.C.	Allows the chief law enforcement executive in any jurisdiction to request assistance from another jurisdiction, including a jurisdiction outside the state of Missouri	2025-07-14	dropped:filter5-omnibus-no-single-direction
HB225	house	2025-05-08	1568806	89	32	1	64	House: HBs WITH SENATE AMENDMENTS SS SCS HB 225, A.A., E.C.	Allows the chief law enforcement executive in any jurisdiction to request assistance from another jurisdiction, including a jurisdiction outside the state of Missouri	2025-07-14	dropped:filter5-omnibus-no-single-direction
HB225	house	2025-05-08	1568807	88	26	1	60	House: HBs WITH SENATE AMENDMENTS SS SCS HB 225, A.A., E.C.	Allows the chief law enforcement executive in any jurisdiction to request assistance from another jurisdiction, including a jurisdiction outside the state of Missouri	2025-07-14	dropped:filter5-omnibus-no-single-direction
HB225	house	2025-05-08	1568808	88	34	1	63	House: HBs WITH SENATE AMENDMENTS SS SCS HB 225, A.A., E.C.	Allows the chief law enforcement executive in any jurisdiction to request assistance from another jurisdiction, including a jurisdiction outside the state of Missouri	2025-07-14	not-a-measure-vote:emergency-clause
HB3	senate	2025-04-29	1561601	25	8	1	3	Senate: Third Reading	Appropriates money for the expenses, grants, refunds, and distributions of the Department of Higher Education and Workforce Development	2025-06-30	dropped:appropriations-no-honest-area
HB3	senate	2025-05-09	1578630	25	8	1	3	Senate: Conference Committee Report Adoption	Appropriates money for the expenses, grants, refunds, and distributions of the Department of Higher Education and Workforce Development	2025-06-30	dropped:appropriations-no-honest-area
HB3	senate	2025-05-09	1578631	24	8	1	3	Senate: Conference Committee Report Adoption	Appropriates money for the expenses, grants, refunds, and distributions of the Department of Higher Education and Workforce Development	2025-06-30	dropped:appropriations-no-honest-area
HB3	senate	2025-05-09	1578632	26	7	1	3	Senate: Conference Committee Report Adoption	Appropriates money for the expenses, grants, refunds, and distributions of the Department of Higher Education and Workforce Development	2025-06-30	dropped:appropriations-no-honest-area
HB3	senate	2025-05-09	1578633	24	6	1	3	Senate: Conference Committee Report Adoption	Appropriates money for the expenses, grants, refunds, and distributions of the Department of Higher Education and Workforce Development	2025-06-30	dropped:appropriations-no-honest-area
HB3	senate	2025-05-09	1578635	20	13	1	3	Senate: Conference Committee Report Adoption	Appropriates money for the expenses, grants, refunds, and distributions of the Department of Higher Education and Workforce Development	2025-06-30	dropped:appropriations-no-honest-area
HB3	senate	2025-05-09	1578639	27	7	1	3	Senate: Conference Committee Report Adoption	Appropriates money for the expenses, grants, refunds, and distributions of the Department of Higher Education and Workforce Development	2025-06-30	dropped:appropriations-no-honest-area
HB3	senate	2025-05-09	1578640	25	7	1	3	Senate: Conference Committee Report Adoption	Appropriates money for the expenses, grants, refunds, and distributions of the Department of Higher Education and Workforce Development	2025-06-30	dropped:appropriations-no-honest-area
HB3	senate	2025-05-09	1578641	19	14	1	3	Senate: Third Reading	Appropriates money for the expenses, grants, refunds, and distributions of the Department of Higher Education and Workforce Development	2025-06-30	dropped:appropriations-no-honest-area
HB3	senate	2025-05-09	1578642	26	7	1	3	Senate: Third Reading	Appropriates money for the expenses, grants, refunds, and distributions of the Department of Higher Education and Workforce Development	2025-06-30	dropped:appropriations-no-honest-area
HB3	senate	2025-05-09	1578643	24	8	1	3	Senate: Third Reading	Appropriates money for the expenses, grants, refunds, and distributions of the Department of Higher Education and Workforce Development	2025-06-30	dropped:appropriations-no-honest-area
HB3	senate	2025-05-09	1578644	26	7	1	3	Senate: Third Reading	Appropriates money for the expenses, grants, refunds, and distributions of the Department of Higher Education and Workforce Development	2025-06-30	dropped:appropriations-no-honest-area
HB3	senate	2025-05-09	1578645	24	8	1	3	Senate: Third Reading	Appropriates money for the expenses, grants, refunds, and distributions of the Department of Higher Education and Workforce Development	2025-06-30	dropped:appropriations-no-honest-area
HB3	senate	2025-05-09	1578648	25	8	1	3	Senate: Third Reading	Appropriates money for the expenses, grants, refunds, and distributions of the Department of Higher Education and Workforce Development	2025-06-30	dropped:appropriations-no-honest-area
HB4	senate	2025-04-29	1561495	26	8	1	3	Senate: Third Reading	Appropriates money for the expenses, grants, refunds, and distributions of the Department of Revenue and Department of Transportation	2025-06-30	dropped:appropriations-no-honest-area
HB495	house	2025-02-20	1495288	108	49	1	86	House: HBs FOR THIRD READING HCS#2 HB 495	Modifies provisions relating to public safety	2025-03-26	dropped:filter5-two-directions-inside-public-safety (see batch-01/PLAN.md)
HB495	house	2025-02-20	1495289	106	47	1	84	House: HBs FOR THIRD READING HCS#2 HB 495	Modifies provisions relating to public safety	2025-03-26	dropped:filter5-two-directions-inside-public-safety (see batch-01/PLAN.md)
HB495	house	2025-03-12	1516039	111	42	1	85	House: HBs WITH SENATE AMENDMENTS SS#2 SCS HCS#2 HB 495, A.A. E.C.	Modifies provisions relating to public safety	2025-03-26	not-a-measure-vote:previous-question
HB495	house	2025-03-12	1516040	113	39	1	84	House: HBs WITH SENATE AMENDMENTS SS#2 SCS HCS#2 HB 495, A.A. E.C.	Modifies provisions relating to public safety	2025-03-26	dropped:filter5-two-directions-inside-public-safety (see batch-01/PLAN.md)
HB495	house	2025-03-12	1516041	113	36	1	84	House: HBs WITH SENATE AMENDMENTS SS#2 SCS HCS#2 HB 495, A.A. E.C.	Modifies provisions relating to public safety	2025-03-26	not-a-measure-vote:emergency-clause
HB5	senate	2025-04-29	1561450	26	8	1	3	Senate: Third Reading	Appropriates money for the expenses, grants, refunds, and distributions of the Office of Administration, the Department of Transportation, the Department of Conservation, the Department of Public Safety, and the Chief Executive's Office	2025-06-30	dropped:appropriations-no-honest-area
HB567	house	2025-03-13	1517204	96	51	1	84	House: HBs FOR THIRD READING HCS#2 HBS 567, 546, 758 & 958, E.C.	Modifies provisions relating to employee compensation	2025-07-10	judged:batch-01
HB567	house	2025-03-13	1517205	97	49	1	84	House: HBs FOR THIRD READING HCS#2 HBS 567, 546, 758 & 958, E.C.	Modifies provisions relating to employee compensation	2025-07-10	not-a-measure-vote:previous-question
HB567	house	2025-03-13	1517206	84	62	1	84	House: HBs FOR THIRD READING HCS#2 HBS 567, 546, 758 & 958, E.C.	Modifies provisions relating to employee compensation	2025-07-10	not-a-measure-vote:emergency-clause
HB567	senate	2025-05-14	1571781	22	11	1	3	Senate: Third Reading	Modifies provisions relating to employee compensation	2025-07-10	judged:batch-01
HB594	house	2025-02-13	1488875	100	48	1	81	House: HBs FOR THIRD READING HCS HBs 594 & 508	Relating to taxation	2025-07-10	not-selected:earlier-house-passage-of-a-superseded-version (filter 4)
HB594	house	2025-05-07	1567073	102	50	1	85	House: HBs WITH SENATE AMENDMENTS SS#2 HCS HBs 594 & 508	Relating to taxation	2025-07-10	not-a-measure-vote:previous-question
HB594	house	2025-05-07	1567074	102	41	1	79	House: HBs WITH SENATE AMENDMENTS SS#2 HCS HBs 594 & 508	Relating to taxation	2025-07-10	judged:batch-01
HB595	house	2025-02-13	1488746	104	38	1	78	House: HBs FOR THIRD READING HCS HBs 595 & 343	Modifies provisions relating to real estate transactions	2025-07-14	not-selected:earlier-house-passage-of-a-superseded-version (filter 4)
HB595	senate	2025-04-22	1554954	21	9	1	3	Senate: Third Reading	Modifies provisions relating to real estate transactions	2025-07-14	not-selected:senate-roll-reaches-3-candidates
HB595	house	2025-05-05	1565418	103	37	1	78	House: BILLS IN CONFERENCE CCS SS HCS HBS 595 & 343	Modifies provisions relating to real estate transactions	2025-07-14	judged:batch-01
HB595	senate	2025-05-07	1578662	23	10	1	3	Senate: Third Reading	Modifies provisions relating to real estate transactions	2025-07-14	judged:batch-01
HB7	senate	2025-04-29	1561488	26	8	1	3	Senate: Third Reading	Appropriates money for the expenses, grants, refunds, and distributions of the Department of Economic Development, the Department of Commerce and Insurance, and the Department of Labor and Industrial Relations	2025-06-30	dropped:appropriations-no-honest-area
HB754	senate	2025-05-01	1564133	20	11	1	3	Senate: Third Reading	Modifies standards for certain financial organizations	2025-07-10	not-selected:senate-roll-reaches-3-candidates
HJR73	house	2025-04-17	1551714	104	49	1	86	House: HJRs FOR THIRD READING HCS HJR 73	Proposes a constitutional amendment that establishes provisions relating to reproductive health care	2025-05-30	not-a-measure-vote:previous-question
HJR73	house	2025-04-17	1551715	103	51	1	86	House: HJRs FOR THIRD READING HCS HJR 73	Proposes a constitutional amendment that establishes provisions relating to reproductive health care	2025-05-30	judged:batch-01
HJR73	senate	2025-05-14	1578547	21	11	1	3	Senate: Third Reading	Proposes a constitutional amendment that establishes provisions relating to reproductive health care	2025-05-30	judged:batch-01
SB105	house	2025-05-15	1572167	111	34	1	81	House: SBs 3rd READ - INFORMAL SS SCS SB 105	Modifies provisions relating to invasive plants	2025-07-14	not-a-measure-vote:previous-question
SB152	house	2025-05-15	1572255	99	43	1	81	House: SBs 3rd READ - INFORMAL SS SB 152	Creates new provisions relating to foreign spending in state ballot measure elections	2025-07-09	not-a-measure-vote:previous-question
SB152	house	2025-05-15	1572256	94	47	1	80	House: SBs 3rd READ - INFORMAL SS SB 152	Creates new provisions relating to foreign spending in state ballot measure elections	2025-07-09	judged:batch-01
SB160	senate	2025-03-06	1507600	23	10	1	3	Senate: Third Reading	Establishes provisions relating to educational institutions	2025-07-09	dropped:version-split-enacted-text-passed-undivided
SB160	house	2025-05-05	1565024	100	43	1	80	House: SBs FOR THIRD READING HCS SS SB 160, A.A., E.C.	Establishes provisions relating to educational institutions	2025-07-09	not-a-measure-vote:previous-question
SB160	house	2025-05-05	1565025	94	36	1	70	House: SBs FOR THIRD READING HCS SS SB 160, A.A., E.C.	Establishes provisions relating to educational institutions	2025-07-09	dropped:version-split-enacted-text-passed-undivided
SB160	house	2025-05-05	1565463	98	46	1	81	House: SBs FOR THIRD READING HCS SS SB 160, A.A., E.C.	Establishes provisions relating to educational institutions	2025-07-09	not-a-measure-vote:previous-question
SB22	senate	2025-02-27	1501375	24	10	1	3	Senate: Third Reading	Creates new provisions relating to the treatment of summary statements prepared by the General Assembly for ballot measures	2025-04-24	dropped:filter5-two-directions-inside-election-integrity
SB22	house	2025-04-14	1547680	109	46	1	84	House: SBs FOR THIRD READING SS#2 SCS SB 22, E.C.	Creates new provisions relating to the treatment of summary statements prepared by the General Assembly for ballot measures	2025-04-24	dropped:filter5-two-directions-inside-election-integrity
SB22	house	2025-04-14	1547681	110	45	1	84	House: SBs FOR THIRD READING SS#2 SCS SB 22, E.C.	Creates new provisions relating to the treatment of summary statements prepared by the General Assembly for ballot measures	2025-04-24	not-a-measure-vote:previous-question
SB22	house	2025-04-14	1547682	109	46	1	84	House: SBs FOR THIRD READING SS#2 SCS SB 22, E.C.	Creates new provisions relating to the treatment of summary statements prepared by the General Assembly for ballot measures	2025-04-24	not-a-measure-vote:emergency-clause
SB221	senate	2025-03-06	1507882	25	7	1	3	Senate: Third Reading	Modifies the standard of review for agency interpretation of statutes, rules, regulations, and subregulatory documents	2025-07-11	not-selected:senate-roll-reaches-3-candidates
SB271	senate	2025-04-17	1551732	25	8	1	3	Senate: Third Reading	Modifies provisions relating to emergency services	2025-07-14	not-selected:senate-roll-reaches-3-candidates
SB3	senate	2025-02-24	1498540	22	11	1	3	Senate: Third Reading	Modifies or enacts provisions relating to Department of Revenue fee offices	2025-07-11	not-selected:senate-roll-reaches-3-candidates
SB348	house	2025-05-09	1568913	83	37	1	67	House: SBs FOR THIRD READING HCS#2 SCS SB 348, A.A.	Enacts provisions relating to state designations	2025-06-26	not-a-measure-vote:previous-question
SB4	senate	2025-02-24	1498338	22	11	1	3	Senate: Third Reading	Modifies and creates new provisions relating to utilities	2025-04-09	dropped:filter5-two-directions-inside-cost-of-living
SB4	house	2025-03-13	1517040	99	44	1	82	House: SBs FOR THIRD READING SS#2 SB 4	Modifies and creates new provisions relating to utilities	2025-04-09	not-a-measure-vote:previous-question
SB4	house	2025-03-13	1517041	96	44	1	80	House: SBs FOR THIRD READING SS#2 SB 4	Modifies and creates new provisions relating to utilities	2025-04-09	dropped:filter5-two-directions-inside-cost-of-living
SB43	house	2025-05-08	1568718	91	47	1	79	House: SBs FOR THIRD READING HCS SS SB 43, A.A.	Modifies provisions relating to protection of vulnerable persons	2025-07-09	not-a-measure-vote:previous-question
SB49	house	2025-05-14	1571257	85	57	1	77	House: SBs 3rd READ - INFORMAL SS SCS SBs 49 & 118	Authorizes school districts and charter schools to employ or accept chaplains as volunteers	2025-07-09	dropped:filter5-religion-in-schools-no-area
SB63	house	2025-04-30	1561995	98	40	1	76	House: SBs FOR THIRD READING HCS SS SB 63, A.A.	Creates and modifies provisions relating to the participation of certain students in nontraditional educational settings	2025-07-09	not-a-measure-vote:previous-question
SB63	house	2025-04-30	1561996	91	53	1	80	House: SBs FOR THIRD READING HCS SS SB 63, A.A.	Creates and modifies provisions relating to the participation of certain students in nontraditional educational settings	2025-07-09	dropped:filter5-school-choice-no-honest-direction
SB63	house	2025-05-08	1568809	94	44	1	78	House: BILLS IN CONFERENCE CCS HCS SS SB 63	Creates and modifies provisions relating to the participation of certain students in nontraditional educational settings	2025-07-09	dropped:filter5-school-choice-no-honest-direction
SB71	house	2025-05-01	1563728	112	33	1	79	House: SBs 3rd READ - INFORMAL HCS SS SCS SB 71, A.A., E.C.	Creates and modifies provisions relating to public safety	2025-07-11	judged:batch-01
SB79	senate	2025-03-27	1529190	24	6	1	3	Senate: Third Reading	Modifies provisions relating to health care	2025-07-14	not-selected:senate-roll-reaches-3-candidates
