bill	bill_id	title	divided_rolls	all_rolls	tallies	status_date	last_action	sasts	disposition	reason
S01985	1918016	Requires police officers to take temporary custody of firearms for not less than one hundred twenty hours when responding to reports of family violence.	3	3	S 2025-05-13 37-20 roll1570548 DIV; S 2025-06-09 43-19 roll1587201 DIV; A 2025-06-11 93-46 roll1589390 DIV	2025-10-16		A00544	batch-01	judged and imported in batch-01; the Senate vote of 2025-05-13 (roll 1570548) is on the print the Senate later amended, so the 2025-06-09 repassage is the roll judged
A00056	1898118	Prohibits residential landlords from charging tenants a fee for a dishonored rent check in excess of the actual costs or fees incurred by such landlord as a result thereof, provided such dishonored check fee was included	2	2	A 2025-04-02 84-64 roll1536221 DIV; S 2025-06-12 37-22 roll1590495 DIV	2025-10-16		S03845	dropped	bounced rent check fees. Tightens by requiring the fee to be written into the lease and proved on request, but loosens by letting a landlord charge actual costs above the old flat $20.
A00136	1898748	Relates to the medical aid in dying act; relates to a terminally ill patient's request for and use of medication for medical aid in dying.	2	2	A 2025-04-29 81-67 roll1562156 DIV; S 2025-06-09 35-27 roll1587181 DIV	2026-02-06		S00138	dropped:filter-5	Medical Aid in Dying Act. No research area carries an honest direction on assisted death: groups that speak for people with disabilities and groups that speak for patient autonomy both claim their side. The Illinois SB 1950 precedent applies.
A01241	1908520	Repeals provisions criminalizing the furnishing of items with a nominal value to induce attendance at polls.	2	2	A 2025-05-15 94-47 roll1572632 DIV; S 2025-06-09 44-18 roll1587203 DIV	2025-06-21		S07281	dropped:filter-5	Repeals the crime of furnishing items of nominal value to induce attendance at the polls. It reads as protecting people who hand out food and water in line and as removing an anti-inducement crime, and those point opposite ways.
A01820	1917220	Requires the modification of restrictive covenants prior to the sale of real property when covenants, conditions and restrictions exist which discriminate on the basis of race, color, religion, sex, sexual orientation, f	2	2	A 2025-04-02 100-48 roll1536285 DIV; S 2025-06-11 47-12 roll1589185 DIV	2025-12-05		S03178	batch-02	imported
A01969	1918308	Authorizes the village of Chester to impose a five percent hotel and motel tax; provides for the repeal of such provisions upon expiration thereof.	2	2	A 2025-06-10 115-32 roll1589161 DIV; S 2025-06-12 45-14 roll1590294 DIV	2025-10-16		S07650	excluded:local	applies to one named locality; outside the campaign gate
A02328	1923065	Authorizes the town of Dickinson to establish hotel and motel taxes within such town.	2	2	A 2025-06-06 92-51 roll1586563 DIV; S 2025-06-12 47-12 roll1590258 DIV	2025-10-16		S04073	excluded:local	applies to one named locality; outside the campaign gate
A03000	1934636	Makes appropriations for the support of government - State Operations Budget.	2	2	A 2025-05-08 100-49 roll1568904 DIV; S 2025-05-08 40-22 roll1568782 DIV	2025-05-20		S03000	excluded:appropriations	budget or bonding measure; no area carries an honest direction on a spending bill
A03005	1934805	Enacts into law major components of legislation necessary to implement the state public protection and general government budget for the 2025-2026 state fiscal year; extends provisions of law relating to criminal justice	2	2	S 2025-05-07 41-21 roll1567984 DIV; A 2025-05-07 104-46 roll1568288 DIV	2025-05-09		S03005	excluded:appropriations	budget or bonding measure; no area carries an honest direction on a spending bill
A03009	1934914	Enacts into law major components of legislation which are necessary to implement the state fiscal plan for the 2025-2026 state fiscal year; relates to establishing an inflation refund credit (Part A); provides for a midd	2	2	A 2025-05-08 103-46 roll1568928 DIV; S 2025-05-08 35-27 roll1568771 DIV	2025-05-09		S03009	excluded:appropriations	budget or bonding measure; no area carries an honest direction on a spending bill
A04040	1949582	Codifies the disparate impact standard in the human rights law; provides that in cases of alleged housing discrimination, an unlawful discriminatory practice may be established by a practice's discriminatory effect.	2	2	A 2025-06-06 95-46 roll1586620 DIV; S 2025-06-11 39-20 roll1589169 DIV	2025-12-19		S04067	batch-01	judged and imported in batch-01
A04533	1953784	Extends the period during which the city of White Plains is authorized to impose an additional sales and compensating use tax to 2027.	2	2	A 2025-04-02 108-40 roll1535701 DIV; S 2025-04-22 42-11 roll1554964 DIV	2025-05-12		S05560	excluded:local	applies to one named locality; outside the campaign gate
A04997	1963780	Extends DEC's authority to regulate management of crabs to 12/31/2027; prohibits the taking of horseshoe crabs for commercial and biomedical purposes.	2	2	A 2025-06-05 100-45 roll1586108 DIV; S 2025-06-11 43-16 roll1589638 DIV	2025-12-19		S04289	excluded:extender	extends an existing authority or expiry date without changing policy
A05244	1967152	Extends the effectiveness of an occupancy tax in the town of DeWitt to September 1, 2027.	2	2	A 2025-04-02 111-37 roll1535712 DIV; S 2025-05-27 46-13 roll1599249 DIV	2025-08-07		S04596	excluded:local	applies to one named locality; outside the campaign gate
A05285	1967187	Provides the prescription label for mifepristone or misoprostol may include the address of the dispensing health care practice and shall include the address of the prescribing health care practice at the prescriber's req	2	2	A 2025-03-05 96-51 roll1507008 DIV; S 2025-03-10 40-21 roll1509133 DIV	2025-03-20		S04587	dropped:twin	Chapter amendment to S 36, which this batch imports.
A05445	1970687	Extends the village of Woodbury's authority to impose a hotel and motel tax for two additional years.	2	2	A 2025-05-19 104-39 roll1574009 DIV; S 2025-05-27 46-13 roll1599243 DIV	2025-08-07		S00708	excluded:local	applies to one named locality; outside the campaign gate
A06815	2007330	Authorizes the town of Fishkill to adopt a local law to impose a hotel/motel occupancy tax for hotels not located in the village of Fishkill; authorizes the village of Fishkill to adopt local laws to impose a hotel/motel	2	2	A 2025-06-06 90-51 roll1586852 DIV; S 2025-06-13 46-13 roll1590689 DIV	2025-10-16		S06243	excluded:local	applies to one named locality; outside the campaign gate
A06918	2010049	Authorizes the town of Copake to establish community preservation funds and to impose a real estate transfer tax with revenues to be deposited into the community preservation fund; provides for the repeal of certain prov	2	2	S 2025-06-12 40-19 roll1590608 DIV; A 2025-06-12 100-44 roll1590202 DIV	2025-11-21		S06664	excluded:local	applies to one named locality; outside the campaign gate
A07341	2014446	Authorizes the city of Mount Vernon to impose a hotel and motel tax of 5.875%.	2	2	A 2025-06-10 102-45 roll1588587 DIV; S 2025-06-12 45-14 roll1590301 DIV	2025-10-16		S07321	excluded:local	applies to one named locality; outside the campaign gate
A07348	2014486	Increases the tax on deeds in the city of Mount Vernon to 1 1/2 percent.	2	2	A 2025-05-21 94-49 roll1576182 DIV; S 2025-06-12 44-15 roll1590735 DIV	2025-12-05		S07322	excluded:local	applies to one named locality; outside the campaign gate
A07634	2019376	Relates to hotel and motel taxes in Saratoga county and the city of Saratoga Springs; increases the allowable amount of tax imposed by the county; removes exemptions for properties having less than 4 units; relates to th	2	2	A 2025-05-29 101-44 roll1582186 DIV; S 2025-06-12 47-12 roll1590330 DIV	2025-10-16		S06998	excluded:local	applies to one named locality; outside the campaign gate
A08011	2025293	Raises the Clinton county hotel or motel tax from three percent to five percent.	2	2	A 2025-06-06 89-48 roll1586458 DIV; S 2025-06-11 46-13 roll1589433 DIV	2025-10-16		S07368	excluded:local	applies to one named locality; outside the campaign gate
A08348	2030861	Authorizes the village of Croton-on-Hudson, in the county of Westchester, to impose a hotel and motel tax.	2	2	A 2025-05-29 97-47 roll1582147 DIV; S 2025-06-12 45-14 roll1590526 DIV	2025-10-16		S07790	excluded:local	applies to one named locality; outside the campaign gate
A08490	2032514	Authorizes occupancy taxes in the city of Utica and the city of Rome not to exceed 3%.	2	2	A 2025-06-09 96-47 roll1587210 DIV; S 2025-06-12 47-12 roll1590724 DIV	2025-10-16		S08155	excluded:local	applies to one named locality; outside the campaign gate
A08678	2034318	Extends the effectiveness of certain provisions relating to joint bidding on contracts for public work projects.	2	3	A 2025-06-09 143-0 roll1587219; S 2025-06-12 42-17 roll1590413 DIV; S 2025-06-12 42-17 roll1590412 DIV	2025-12-12		S08405	excluded:extender	extends an existing authority or expiry date without changing policy
A09515	2071042	Relates to requirements for medical professionals and health care facilities that provide medication to patients for medical aid in dying; extends the initial effectiveness of certain provisions relating thereto.	2	2	S 2026-02-04 34-28 roll1625157 DIV; A 2026-02-04 83-62 roll1624492 DIV	2026-02-06		S08835	dropped:filter-5	Medical aid in dying, rules for providers. Same direction problem as A 136.
A09516	2071870	Requires the timely disclosure of video footage or audio recordings related to the death of incarcerated individuals involving correction officers or peace officers to the attorney general's office of special investigati	2	2	A 2026-01-28 97-44 roll1619145 DIV; S 2026-01-28 37-22 roll1622645 DIV	2026-02-13		S08825	candidate:batch-03	Disclosure of video after a death in custody. Held for batch-02, a full read of the act is still owed.
A10000	2088651	Makes appropriations for the support of government - State Operations Budget.	2	2	A 2026-05-27 102-40 roll1702978 DIV; S 2026-05-27 43-19 roll1702704 DIV	2026-06-09		S09000	excluded:appropriations	budget or bonding measure; no area carries an honest direction on a spending bill
A10001	2088858	Makes appropriations for the support of government - Legislature and Judiciary Budget.	2	2	S 2026-05-27 45-17 roll1702720 DIV; A 2026-05-27 98-44 roll1703113 DIV	2026-06-09		S09001	excluded:appropriations	budget or bonding measure; no area carries an honest direction on a spending bill
A10004	2088815	Makes appropriations for the support of government - Capital Projects Budget.	2	2	A 2026-05-27 111-31 roll1702977 DIV; S 2026-05-27 45-17 roll1702705 DIV	2026-06-09		S09004	excluded:appropriations	budget or bonding measure; no area carries an honest direction on a spending bill
A10007	2088881	Enacts into law major components of legislation necessary to implement the state health and mental hygiene budget for the 2026-2027 state fiscal year; extends provisions requiring the quarterly assessment of known and pr	2	2	A 2026-05-27 102-41 roll1702962 DIV; S 2026-05-27 42-20 roll1702670 DIV	2026-05-28		S09007	excluded:appropriations	budget or bonding measure; no area carries an honest direction on a spending bill
A10455	2130333	Relates to adjudications and owner liability for a violation of traffic-control signal indications in the city of Ithaca.	2	2	A 2026-06-02 105-34 roll1705359 DIV; S 2026-06-03 44-17 roll1711978 DIV	2026-08-14		S09527	excluded:local	applies to one named locality; outside the campaign gate
A10522	2130344	Authorizes the town of Clinton to impose a 3% occupancy tax upon persons occupying hotel or motel rooms in such town; provides for the repeal of such provisions upon expiration thereof.	2	2	A 2026-05-14 94-40 roll1699178 DIV; S 2026-05-28 48-12 roll1703707 DIV	2026-08-21		S09374	excluded:local	applies to one named locality; outside the campaign gate
A10710	2138696	Includes the recommendations of the American Academy of Pediatrics, the American Academy of Family Physicians, the American College of Obstetricians and Gynecologists, the American College of Physicians and/or other simi	2	2	A 2026-04-21 99-39 roll1687411 DIV; S 2026-05-11 38-22 roll1696603 DIV	2026-05-15		S09599	deferred:user-direction	Childhood vaccine schedule. Vaccine-adjacent measures are escalated to the user for a direction call rather than judged here.
A10711	2138788	Requires the administration of certain vaccines for children in accordance with regulations issued by the commissioner, utilizing generally accepted medical standards and based on recommendations of the American Academy	2	2	S 2026-04-21 39-23 roll1689755 DIV; A 2026-04-21 90-48 roll1687413 DIV	2026-05-15		S09598	deferred:user-direction	Childhood vaccine schedule set by the health commissioner. Same escalation as A 10710.
A10737	2139065	Authorizes an occupancy tax in the city of Kingston not to exceed 3%.	2	2	A 2026-05-04 90-45 roll1693652 DIV; S 2026-05-28 47-13 roll1703087 DIV	2026-08-21		S09551	excluded:local	applies to one named locality; outside the campaign gate
A10932	2142352	Authorizes an occupancy tax in the town of Amherst, county of Erie, not to exceed 2.5%.	2	2	A 2026-05-28 96-42 roll1703330 DIV; S 2026-05-28 47-13 roll1703677 DIV	2026-08-21		S09850	excluded:local	applies to one named locality; outside the campaign gate
A11529	2152290	Increases the maximum aggregate principal amount of the outstanding notes and bonds of the New York city housing development corporation from twenty billion dollars to twenty-two billion dollars.	2	2	A 2026-06-02 92-47 roll1705382 DIV; S 2026-06-02 42-19 roll1705080 DIV	2026-07-31		S10442	excluded:appropriations	budget or bonding measure; no area carries an honest direction on a spending bill
S00036	1898013	Permits prescription labels for mifepristone, misoprostol, and their generic alternatives to include the name of the prescribing health care practice instead of the name of the prescriber at the prescriber's request.	2	2	S 2025-01-21 39-20 roll1472643 DIV; A 2025-01-22 95-42 roll1473444 DIV	2025-02-03		A02145	batch-01	judged and imported in batch-01
S00743	1902213	Includes rifles and shotguns in required warnings to consumers regarding the risk of death or suicide in homes where such weapons are present.	2	2	S 2025-02-03 43-20 roll1478939 DIV; A 2025-03-19 98-50 roll1522762 DIV	2025-04-03		A00437	batch-01	judged and imported in batch-01
S00744	1902138	Includes pistol converters in the definition of a rapid-fire modification device.	2	2	S 2025-02-03 50-13 roll1478985 DIV; A 2025-03-19 100-48 roll1523103 DIV	2025-04-03		A00436	batch-01	judged and imported in batch-01
S00745	1902037	Removes dealers of ammunition from certain provisions that require the use of certain merchant category-codes by payment card networks for firearm merchants.	2	2	S 2025-02-03 46-17 roll1478801 DIV; A 2025-03-19 96-52 roll1522289 DIV	2025-04-03		A00439	candidate:batch-03	passed the title screen, not yet read
S00752	1902164	Makes technical changes related to ballot drop boxes for absentee and early voting ballots.	2	2	S 2025-02-03 41-22 roll1479004 DIV; A 2025-03-12 94-50 roll1516809 DIV	2025-03-20		A01014	candidate:batch-03	Ballot drop box changes. Held for batch-02 pending a full read of what the changes do.
S00754	1902201	Relates to the number of persons recommended for appointment to the Republic airport commission for the governor to choose from which shall be a list of no fewer than three persons.	2	2	S 2025-02-03 40-23 roll1479413 DIV; A 2025-03-03 102-46 roll1504178 DIV	2025-03-07		A02746	candidate:batch-03	passed the title screen, not yet read
S00759	1902096	Extends provisions of law relating to expanding the food donation and food scraps recycling program; amends the effectiveness relating thereto.	2	2	S 2025-01-14 48-12 roll1471412 DIV; A 2025-02-12 106-43 roll1488792 DIV	2025-02-14		A01679	excluded:extender	extends an existing authority or expiry date without changing policy
S00799	1902252	Permits a candidate for office to be employed by a board of elections with prior authorization and a majority vote of the elections commissioners.	2	2	S 2025-02-05 44-18 roll1482625 DIV; A 2025-03-03 101-47 roll1504953 DIV	2025-03-07		A01015	candidate:batch-03	passed the title screen, not yet read
S00801	1902150	Directs the state energy conservation construction code to set standards for electric vehicle charging stations and electric vehicle ready parking spaces in certain new buildings.	2	2	S 2025-02-10 44-17 roll1485432 DIV; A 2025-03-12 88-57 roll1516803 DIV	2025-03-20		A04200	batch-01	judged and imported in batch-01
S00816	1902214	Specifies the occupancy tax in the village of Catskill shall only apply to hotels and motels.	2	2	S 2025-01-14 47-13 roll1471418 DIV; A 2025-06-11 114-32 roll1589689 DIV	2025-06-26		A00422	excluded:local	applies to one named locality; outside the campaign gate
S00817	1902683	Clarifies the scope of the occupancy tax in the village of Coxsackie.	2	2	S 2025-01-14 45-15 roll1471401 DIV; A 2025-06-11 115-31 roll1590199 DIV	2025-06-26		A00423	excluded:local	applies to one named locality; outside the campaign gate
S00818	1902734	Sets forth certain provisions for the sale of adult-use cannabis and adult-use cannabis products at cannabis showcase events; requires permittees to partner with cultivators in certain situations.	2	2	S 2025-02-12 43-16 roll1488658 DIV; A 2025-03-11 96-53 roll1515746 DIV	2025-03-20		A00418	dropped:filter-5	Cannabis showcase sales. No area carries an honest direction on cannabis sales rules (Ohio H.B. 116 precedent).
S00820	1902182	Amends a chapter of 2024 regulating short-term rentals; provides local option; provides for the collection of taxes.	2	2	S 2025-02-24 41-19 roll1497698 DIV; A 2025-02-25 115-32 roll1499842 DIV	2025-02-28		A05686	candidate:batch-03	passed the title screen, not yet read
S00824	1902406	Relates to the climate change adaptation cost recovery program and requirements for climate change adaptive infrastructure projects; relates to the use of funds from the climate change adaptation fund for certain project	2	2	S 2025-01-22 35-24 roll1473007 DIV; A 2025-02-24 97-48 roll1498543 DIV	2025-02-28		A01474	candidate:batch-03	Climate Change Superfund amendment. Judgeable, but it rewrites a 2024 act, so an honest description needs that act read alongside it; held for batch-02. Its Senate roll is also the one roll New York's feed cannot store (see CODE-FINDINGS).
S00847	1902276	Extends the additional one percent sales and compensating use taxes in the county of Wayne.	2	3	S 2025-05-27 51-8 roll1584973; A 2025-06-04 106-37 roll1585355 DIV; A 2025-06-04 106-37 roll1585356 DIV	2025-08-07		A04777	excluded:local	applies to one named locality; outside the campaign gate
S00952	1903495	Requires that the entire amount of a rental deposit or advance be refundable to the tenant upon the tenant's vacating of the premises except for an amount lawfully retained for non-payment of rent or utilities, damage ca	2	2	S 2025-04-29 38-23 roll1560492 DIV; A 2025-05-27 95-50 roll1579566 DIV	2025-10-16		A06423	batch-01	judged and imported in batch-01
S02551	1931588	Increases the fines imposed on a corporation for an offense defined within the penal law.	2	2	S 2025-03-25 42-20 roll1527071 DIV; A 2025-06-17 107-33 roll1592527 DIV	2025-10-16		A03858	batch-02	imported
S03001	1935006	Makes appropriations for the support of government - Legislature and Judiciary Budget.	2	2	S 2025-05-08 46-16 roll1568734 DIV; A 2025-05-08 117-32 roll1568875 DIV	2025-05-20		A03001	excluded:appropriations	budget or bonding measure; no area carries an honest direction on a spending bill
S03003	1935190	Makes appropriations for the support of government - Aid to Localities Budget.	2	2	S 2025-05-08 44-18 roll1568530 DIV; A 2025-05-08 104-45 roll1569005 DIV	2025-05-20		A03003	excluded:appropriations	budget or bonding measure; no area carries an honest direction on a spending bill
S03004	1934808	Makes appropriations for the support of government - Capital Projects Budget.	2	2	S 2025-05-08 45-17 roll1568779 DIV; A 2025-05-08 109-40 roll1568956 DIV	2025-05-20		A03004	excluded:appropriations	budget or bonding measure; no area carries an honest direction on a spending bill
S03006	1934701	Enacts into law major components of legislation necessary to implement the state education, labor, housing and family assistance budget for the 2025-2026 state fiscal year; relates to contracts for excellence; relates to	2	2	S 2025-05-08 44-18 roll1568764 DIV; A 2025-05-08 112-37 roll1568929 DIV	2025-05-09		A03006	excluded:appropriations	budget or bonding measure; no area carries an honest direction on a spending bill
S03007	1934835	Enacts into law major components of legislation necessary to implement the state health and mental hygiene budget for the 2025-2026 state fiscal year; requires the commissioner of health to provide a quarterly report on	2	2	A 2025-05-07 101-49 roll1568143 DIV; S 2025-05-07 42-20 roll1567942 DIV	2025-05-09		A03007	excluded:appropriations	budget or bonding measure; no area carries an honest direction on a spending bill
S03008	1935197	Enacts into law major components of legislation necessary to implement the state transportation, economic development and environmental conservation budget for the 2025-2026 state fiscal year; relates to the waterfront c	2	2	S 2025-05-07 40-22 roll1567627 DIV; A 2025-05-07 103-47 roll1568023 DIV	2025-05-09		A03008	excluded:appropriations	budget or bonding measure; no area carries an honest direction on a spending bill
S03072	1937896	Prohibits the use of consumer credit history in hiring, employment and licensing determinations.	2	2	S 2025-04-03 40-20 roll1536066 DIV; A 2025-05-28 98-46 roll1581084 DIV	2025-12-19		A01316	batch-01	judged and imported in batch-01
S03294	1940895	Relates to the medical use of cannabis; repeals controlled substances therapeutic research act.	2	3	S 2025-05-19 37-19 roll1573650 DIV; S 2025-06-11 39-20 roll1589349 DIV; A 2025-06-17 138-3 roll1592261	2025-11-21		A04759	candidate:batch-03	passed the title screen, not yet read
S04053	1950649	Extends the authority of the village of Highland Falls to impose an occupancy tax.	2	2	S 2025-05-27 44-15 roll1591451 DIV; A 2025-06-16 110-35 roll1592683 DIV	2025-08-07		A05451	excluded:local	applies to one named locality; outside the campaign gate
S04495	1956983	Extends the village of Goshen's authority to impose a hotel and motel tax of up to five percent for an additional two years.	2	2	S 2025-05-27 45-14 roll1592489 DIV; A 2025-06-17 107-27 roll1592490 DIV	2025-08-07		A07968	excluded:local	applies to one named locality; outside the campaign gate
S04887	1969202	Authorizes an occupancy tax in the county of Herkimer not to exceed 5%.	2	2	S 2026-05-28 47-13 roll1703556 DIV; A 2026-06-04 103-38 roll1706856 DIV	2026-08-21		A05577	excluded:local	applies to one named locality; outside the campaign gate
S04895	1970833	Extends the effectiveness of the occupancy tax in the village of Briarcliff Manor by two years.	2	2	S 2025-05-27 46-13 roll1580972 DIV; A 2025-05-29 109-37 roll1582062 DIV	2025-08-07		A05394	excluded:local	applies to one named locality; outside the campaign gate
S04914	1970875	Protects individuals who provide or receive legally protected health activity, including reproductive health care and gender-affirming care, from criminal or civil liability or professional sanctions imposed by jurisdict	2	2	S 2025-05-22 37-20 roll1575829 DIV; A 2025-06-16 94-50 roll1592223 DIV	2025-12-19		A05480	batch-02	imported
S06047	1991784	Permits the town of Monroe to impose a hotel and motel tax; provides for the repeal of such provisions upon the expiration thereof.	2	2	S 2026-05-28 47-13 roll1703591 DIV; A 2026-06-05 95-36 roll1706991 DIV	2026-08-21		A11115	excluded:local	applies to one named locality; outside the campaign gate
S06207	1993776	Authorizes the county of Jefferson to impose additional sales tax until November 30th, 2027.	2	3	S 2025-05-27 50-9 roll1592011; A 2025-06-17 107-27 roll1592524 DIV; A 2025-06-17 107-27 roll1592525 DIV	2025-08-07		A06688	excluded:local	applies to one named locality; outside the campaign gate
S06618	2009896	Authorizes the town of Montgomery to impose a hotel and motel tax; provides for the repeal of such provisions upon expiration thereof.	2	2	S 2025-06-13 47-12 roll1590882 DIV; A 2025-06-13 107-29 roll1591083 DIV	2025-10-16		A07913	excluded:local	applies to one named locality; outside the campaign gate
S07078	2017732	Authorizes the town of Patterson, in the county of Putnam, to impose a hotel and motel tax.	2	2	S 2025-06-12 46-13 roll1590429 DIV; A 2025-06-16 113-31 roll1592402 DIV	2025-10-16		A07854	excluded:local	applies to one named locality; outside the campaign gate
S07111	2018018	Permits political parties to designate or nominate candidates for positions to be filled by all the voters, and perform other functions without forming county committees.	2	2	S 2025-06-11 37-22 roll1589268 DIV; A 2025-06-17 82-49 roll1592478 DIV	2025-12-19		A07862	candidate:batch-03	passed the title screen, not yet read
S07416	2024115	Enacts provisions for the execution of electronic wills including attestation, revocation and filing.	2	2	S 2025-06-05 39-21 roll1585875 DIV; A 2025-06-17 94-41 roll1592514 DIV	2025-12-12		A07856	candidate:batch-03	passed the title screen, not yet read
S07492	2024964	Extends the authority of the village of Cold Spring to impose a hotel and motel tax through July 21, 2027.	2	2	S 2025-05-27 47-12 roll1581423 DIV; A 2025-05-29 108-36 roll1582160 DIV	2025-07-21		A08363	excluded:local	applies to one named locality; outside the campaign gate
S07692	2027392	Authorizes an occupancy tax of up to 5% in the village of Baldwinsville, county of Onondaga.	2	2	S 2025-06-12 44-15 roll1590439 DIV; A 2025-06-13 92-44 roll1591292 DIV	2025-10-16		A08329	excluded:local	applies to one named locality; outside the campaign gate
S07798	2029733	Makes technical changes to the aid to localities budget.	2	2	S 2025-05-08 46-16 roll1568781 DIV; A 2025-05-13 109-36 roll1571363 DIV	2025-05-23		A08283	excluded:appropriations	budget or bonding measure; no area carries an honest direction on a spending bill
S07820	2029868	Authorizes the town of Gardiner, in the county of Ulster, to impose a hotel and motel tax.	2	2	S 2026-05-28 48-12 roll1703067 DIV; A 2026-06-01 91-47 roll1705784 DIV	2026-08-21		A08273	excluded:local	applies to one named locality; outside the campaign gate
S07836	2029850	Authorizes the town of Highlands, Orange county, to impose a hotel and motel tax of up to five percent.	2	2	S 2025-06-12 45-14 roll1590403 DIV; A 2025-06-13 92-44 roll1591290 DIV	2025-10-16		A08347	excluded:local	applies to one named locality; outside the campaign gate
S07882	2030806	Prohibits a person or entity from knowingly or with reckless disregard facilitate an agreement between or among two or more residential rental property owners or managers to not compete with respect to residential rental	2	2	S 2025-06-09 40-22 roll1587039 DIV; A 2025-06-10 95-51 roll1588646 DIV	2025-10-16		A01417	batch-01	judged and imported in batch-01
S08012	2031696	Relates to additional considerations regarding the assessment of solar or wind energy systems through a discounted cash flow approach.	2	2	S 2025-06-10 43-15 roll1588195 DIV; A 2025-06-16 88-56 roll1592221 DIV	2025-12-03		A08332	candidate:batch-03	passed the title screen, not yet read
S08188	2032554	Authorizes the town of Rhinebeck, county of Dutchess, to establish hotel and motel taxes within such town; provides for the repeal of such provisions upon the expiration thereof.	2	2	S 2026-05-28 48-12 roll1703221 DIV; A 2026-05-29 82-47 roll1703916 DIV	2026-08-21		A08495	excluded:local	applies to one named locality; outside the campaign gate
S08269	2034073	Authorizes an occupancy tax in the town of Cheektowaga, county of Erie.	2	2	S 2025-06-12 46-13 roll1590320 DIV; A 2025-06-18 101-33 roll1592427 DIV	2025-10-16		A08776	excluded:local	applies to one named locality; outside the campaign gate
S08344	2035423	Extends provisions and makes technical corrections to school speed zones in NYC; repeals certain provisions relating thereto.	2	2	S 2025-06-13 38-21 roll1590679 DIV; A 2025-06-17 110-31 roll1592410 DIV	2025-06-30		A08787	excluded:extender	extends an existing authority or expiry date without changing policy
S08390	2036060	Extends certain provisions relating to payments under the COVID-19 emergency rental assistance program.	2	2	S 2025-06-11 43-16 roll1589318 DIV; A 2025-06-16 88-56 roll1592446 DIV	2025-09-26		A08702	excluded:extender	extends an existing authority or expiry date without changing policy
S08413	2036452	"Enacts the ""City of Dunkirk Revenue Anticipation Note Refinancing Act"" to authorize a loan to be made from the state to the city of Dunkirk (Part A); makes an appropriation therefor (Part B)."	2	2	S 2025-06-12 37-22 roll1590628 DIV; A 2025-06-17 88-47 roll1592403 DIV	2025-06-26		A08870	excluded:local	applies to one named locality; outside the campaign gate
S08415	2036489	Enacts into law components of legislation necessary to implement an omnibus bill related to correctional services in the state of New York; requires the timely disclosure of video footage related to the death of incarcer	2	2	A 2025-06-12 93-49 roll1590242 DIV; S 2025-06-12 36-23 roll1590640 DIV	2025-12-19		A08871	candidate:batch-03	passed the title screen, not yet read
S08416	2036423	"Enacts the ""fostering affordability and integrity through reasonable (FAIR) business practices act"", to expand the attorney general's ability to protect New Yorkers from unfair, deceptive and abusive business practices."	2	2	S 2025-06-13 37-22 roll1590432 DIV; A 2025-06-17 91-50 roll1592400 DIV	2025-12-19		A08427	batch-01	judged and imported in batch-01
S08417	2036460	Provides that in the case of any application for gas service to a building which is not supplied with gas, a utility corporation or municipality shall be obligated to provide gas service to such building.	2	2	S 2025-06-12 34-25 roll1590434 DIV; A 2025-06-16 83-62 roll1592323 DIV	2025-12-19		A08888	batch-01	judged and imported in batch-01
S08760	2068596	Requires the modification of restrictive covenants prior to the sale of real property when covenants, conditions and restrictions exist which discriminate on the basis of a protected class in violation of state or federa	2	2	A 2026-02-03 95-46 roll1623056 DIV; S 2026-02-03 46-14 roll1624224 DIV	2026-02-13		A09499	candidate:batch-03	passed the title screen, not yet read
S08789	2068750	Prohibits the use of consumer credit history in hiring, employment and licensing determinations.	2	2	S 2026-01-29 38-18 roll1620050 DIV; A 2026-02-03 97-44 roll1622755 DIV	2026-02-13		A09475	dropped	"a clean-up bill riding on a separate 2025 chapter whose text is not in the feed. It widens ""employer"" to include state and local government while deleting the high-public-trust limit, so any position subject to a state-agency background investigation becomes exempt, and its section 3 repeals a part of the 2025 chapter that cannot be read."
S08807	2068685	Specifies that professional liability insurance insurers cannot deny coverage or increase rates solely based on legal use or prescription of certain gender-affirming care-related drugs; prescribes procedures for warrants	2	2	S 2026-01-21 35-21 roll1615482 DIV; A 2026-03-31 93-52 roll1674872 DIV	2026-06-05		A09501	candidate:batch-03	passed the title screen, not yet read
S08811	2068500	Relates to the attorney general's ability to protect New Yorkers from unfair, deceptive and abusive business practices.	2	2	S 2026-01-28 37-22 roll1618980 DIV; A 2026-02-25 94-48 roll1645904 DIV	2026-03-27		A09444	dropped:twin	Chapter amendment to S 8416, which this batch imports.
S08812	2068463	Relates to the effectiveness of provisions of law relating to providing that in the case of any application for gas service to a building which is not supplied with gas, a utility corporation or municipality shall be obl	2	2	S 2026-02-05 34-25 roll1625965 DIV; A 2026-03-31 102-45 roll1674823 DIV	2026-04-10		A09462	candidate:batch-03	passed the title screen, not yet read
S08823	2068444	Extends DEC's authority to regulate management of crabs; authorizes the department of environmental conservation to take any actions necessary to ensure any quota limiting the taking of horseshoe crabs does not exceed ce	2	2	S 2026-01-13 45-14 roll1613606 DIV; A 2026-02-03 104-37 roll1623004 DIV	2026-02-13		A09437	excluded:extender	extends an existing authority or expiry date without changing policy
S08887	2072198	Enacts provisions for the execution of electronic wills including attestation, revocation, filing and storage; requires the chief administrator of the courts to adopt rules necessary and appropriate for electronic wills.	2	2	S 2026-01-28 39-20 roll1619663 DIV; A 2026-02-10 106-38 roll1630175 DIV	2026-02-13		A09497	candidate:batch-03	passed the title screen, not yet read
S09003	2088710	Makes appropriations for the support of government - Aid to Localities Budget.	2	2	A 2026-05-27 112-30 roll1703088 DIV; S 2026-05-27 44-18 roll1703155 DIV	2026-06-09		A10003	excluded:appropriations	budget or bonding measure; no area carries an honest direction on a spending bill
S09005	2088789	Enacts into law major components of legislation necessary to implement the state public protection and general government budget for the 2026-2027 state fiscal year; extends the recruitment incentive and retention progra	2	2	A 2026-05-21 93-47 roll1701423 DIV; S 2026-05-21 39-22 roll1701406 DIV	2026-05-27		A10005	excluded:appropriations	budget or bonding measure; no area carries an honest direction on a spending bill
S09009	2088267	Enacts into law major components of legislation which are necessary to implement the state fiscal plan for the 2026-2027 state fiscal year; sets forth a child and dependent care credit for taxable years beginning on or a	2	2	A 2026-05-27 91-52 roll1703069 DIV; S 2026-05-27 38-24 roll1703135 DIV	2026-05-28		A10009	excluded:appropriations	budget or bonding measure; no area carries an honest direction on a spending bill
S09027	2091881	Authorizes the village of Ellicottville to impose a hotel and motel tax not exceeding five percent of the per diem rental rate for each room.	2	2	S 2026-05-28 47-13 roll1703179 DIV; A 2026-06-05 97-34 roll1707007 DIV	2026-08-21		A10092	excluded:local	applies to one named locality; outside the campaign gate
S09155	2111584	Amends provisions limiting the location of retail adult-use dispensaries in proximity to schools and houses of worship.	2	2	S 2026-02-11 35-24 roll1629636 DIV; A 2026-02-11 91-50 roll1634581 DIV	2026-02-11		A10140	dropped:filter-5	Distance rules for cannabis dispensaries. Same as S 818.
S09157	2111595	Authorizes the city of Batavia to impose a hotel and motel tax not exceeding five percent of the per diem rental rate for each room.	2	2	S 2026-05-28 47-13 roll1702852 DIV; A 2026-06-02 96-43 roll1705749 DIV	2026-08-21		A10228	excluded:local	applies to one named locality; outside the campaign gate
S09376	2130503	Authorizes the town of Lancaster, county of Erie, to impose an occupancy tax not to exceed three percent.	2	2	S 2026-05-28 47-13 roll1703801 DIV; A 2026-06-03 101-39 roll1705506 DIV	2026-08-21		A10982	excluded:local	applies to one named locality; outside the campaign gate
S09862	2141977	Authorizes the town of Minisink to impose a hotel and motel tax at a rate of five percent.	2	2	S 2026-05-28 46-14 roll1703139 DIV; A 2026-06-05 95-36 roll1706972 DIV	2026-08-21		A11126	excluded:local	applies to one named locality; outside the campaign gate
S10113	2146884	Provides that a microbusiness licensee authorized to conduct retail sales may serve as a processor and cultivator for purposes of cannabis showcase event permits.	2	2	S 2026-06-01 47-13 roll1704394 DIV; A 2026-06-05 88-53 roll1706938 DIV	2026-08-06		A11217	dropped:filter-5	Cannabis microbusiness licenses. Same as S 818.
S10639	2152621	Authorizes the form of submission and abstract for proposed amendments to the constitution submitted to the people to be determined by enactment in a separate joint resolution passed by both houses of the legislature at	2	2	S 2026-06-04 38-22 roll1707541 DIV; A 2026-06-05 94-47 roll1706895 DIV	2026-06-05		A11557	candidate:batch-03	passed the title screen, not yet read
A00387	1900840	Requires general hospitals to provide language assistance services; requires general hospitals to develop a language assistance program to ensure meaningful access to the general hospital's services and reasonable accomm	1	2	A 2025-05-14 113-34 roll1571864 DIV; S 2025-06-10 57-1 roll1588185	2025-12-10		S06288	batch-02	imported
A00420	1901391	Increases the New York state housing finance agency bonding authority to $36,280,000,000.	1	2	A 2025-01-13 104-43 roll1471442 DIV; S 2025-01-14 60-0 roll1471403	2025-01-27		S00735	excluded:appropriations	budget or bonding measure; no area carries an honest direction on a spending bill
A00421	1901542	Includes establishing a branch in a banking development district as a factor indicating that a banking institution is helping to meet the credit needs of its entire community for purposes of assessing such banking instit	1	2	A 2025-01-21 143-4 roll1472922; S 2025-02-05 46-16 roll1480766 DIV	2025-02-14		S00812	candidate:batch-03	passed the title screen, not yet read
A00431	1901625	Provides that each student loan servicer shall submit an annual report containing a list of all private education creditors associated with the private education debts serviced by the student loan servicer that are owed	1	2	A 2025-02-03 147-0 roll1479473; S 2025-02-12 45-14 roll1487451 DIV	2025-02-14		S02680	candidate:batch-03	passed the title screen, not yet read
A00584	1902803	"Enacts the ""trapped at work act""; prohibits the use of employment promissory notes."	1	2	A 2025-06-11 139-0 roll1589414; S 2025-06-12 38-21 roll1590519 DIV	2025-12-19		S04070	candidate:batch-03	passed the title screen, not yet read
A00916	1904131	Includes guardians of the principal as a person who may commence certain special proceedings; provides that if a hospital can with reasonable efforts ascertain the identity of the parents or guardian of an emancipated mi	1	2	A 2025-01-22 145-0 roll1473854; S 2025-02-11 39-22 roll1486934 DIV	2025-02-14		S00788	candidate:batch-03	passed the title screen, not yet read
A01894	1917101	Repeals provisions requiring reporting of a patient's drug use.	1	2	A 2025-03-03 134-14 roll1504150; S 2025-06-11 39-20 roll1589448 DIV	2025-10-16		S03362	candidate:batch-03	passed the title screen, not yet read
A02249	1920984	"Defines ""model management group""; provides for the registration process for model management groups; provides for exemption from registration requirements for model management companies and groups."	1	2	A 2025-02-04 145-1 roll1480530; S 2025-02-10 45-16 roll1485606 DIV	2025-02-14		S00823	candidate:batch-03	passed the title screen, not yet read
A03002	1934592	Makes appropriations for the support of government - State Debt Budget.	1	2	A 2025-03-27 112-35 roll1529872 DIV; S 2025-03-27 51-10 roll1528647	2025-05-20		S03002	excluded:appropriations	budget or bonding measure; no area carries an honest direction on a spending bill
A03104	1937534	Extends the authorization of the county of Onondaga to impose an additional rate of sales and compensating use taxes from November 30, 2025 until November 30, 2027.	1	2	A 2025-04-30 106-40 roll1563435 DIV; S 2025-05-27 51-8 roll1599257	2025-08-07		S05512	excluded:local	applies to one named locality; outside the campaign gate
A03424	1942753	Extends the authorization granted to the county of Franklin to impose an additional one percent of sales and compensating use taxes until November 30th, 2027.	1	2	A 2025-04-02 108-40 roll1535718 DIV; S 2025-05-27 50-9 roll1599253	2025-08-07		S02522	excluded:local	applies to one named locality; outside the campaign gate
A04315	1953571	Extends the hotel and motel tax in the town of Woodbury an additional two years.	1	2	A 2025-05-21 107-37 roll1575771 DIV; S 2025-05-27 51-8 roll1599255	2025-08-07		S01863	excluded:local	applies to one named locality; outside the campaign gate
A05318	1969236	Extends the expiration date of the personal income tax surcharge imposed by the city of Yonkers.	1	2	A 2025-04-02 105-43 roll1535716 DIV; S 2025-05-27 50-9 roll1579558	2025-06-26		S00436	excluded:local	applies to one named locality; outside the campaign gate
A05323	1969139	Extends certain provisions relating to additional sales tax imposed by the city of Yonkers.	1	2	A 2025-04-02 111-37 roll1535714 DIV; S 2025-05-27 50-9 roll1580695	2025-06-26		S00434	excluded:local	applies to one named locality; outside the campaign gate
A05329	1969896	Extends the expiration of the mortgage recording tax imposed by the city of Yonkers.	1	2	A 2025-04-02 112-36 roll1535705 DIV; S 2025-05-27 51-8 roll1579559	2025-06-26		S00432	excluded:local	applies to one named locality; outside the campaign gate
A05380	1969760	Extends the authorization for the county of Monroe to impose certain sales and compensating use taxes to November 30, 2027.	1	2	A 2025-04-30 107-38 roll1563424 DIV; S 2025-05-27 51-8 roll1579560	2025-08-07		S06669	excluded:local	applies to one named locality; outside the campaign gate
A06080	1984659	Extends the authorization for the town of Wallkill to adopt a hotel or motel tax of up to 5%.	1	2	A 2025-04-30 106-39 roll1563436 DIV; S 2025-05-27 50-9 roll1579561	2025-08-07		S00693	excluded:local	applies to one named locality; outside the campaign gate
A06097	1985107	Authorizes the town of Orangetown to establish community preservation funds; establishes a real estate transfer tax with revenues therefrom to be deposited in said community preservation fund; provides for the repeal of	1	2	A 2025-06-09 106-38 roll1587332 DIV; S 2025-06-13 52-7 roll1590482	2025-11-21		S06338	excluded:local	applies to one named locality; outside the campaign gate
A06200	1986739	Extends the effectiveness of the occupancy tax in the village of Harrison until September 1, 2027.	1	2	A 2025-04-30 107-38 roll1563445 DIV; S 2025-05-27 51-8 roll1599247	2025-08-07		S05783	excluded:local	applies to one named locality; outside the campaign gate
A06220	1986630	Extends the authorization of the town of Mount Pleasant to adopt a local law to impose a hotel/motel occupancy tax for hotels not located in a village to September 1, 2027.	1	2	A 2025-05-19 106-37 roll1574028 DIV; S 2025-05-27 51-8 roll1595482	2025-06-26		S05191	excluded:local	applies to one named locality; outside the campaign gate
A06223	1987446	Extends the authority of the county of Ulster to impose an additional 1 percent sales and compensating use tax by two years.	1	2	A 2025-05-19 98-45 roll1574043 DIV; S 2025-05-27 51-8 roll1599244	2025-08-07		S05747	excluded:local	applies to one named locality; outside the campaign gate
A06232	1987135	Extends the period during which the county of Orleans is authorized to impose additional rates of sales and compensating use taxes.	1	2	A 2025-05-19 107-37 roll1573988 DIV; S 2025-05-27 51-8 roll1599259	2025-08-07		S05561	excluded:local	applies to one named locality; outside the campaign gate
A06317	1990776	Extends the moratorium on the issuance of certificates of environmental safety for the siting of facilities and certification of routes for the transportation of liquefied natural or petroleum gas.	1	2	A 2025-05-14 111-36 roll1572523 DIV; S 2025-06-04 57-1 roll1585150	2025-06-18		S05685	excluded:extender	extends an existing authority or expiry date without changing policy
A06427	1990648	Extends the county of Westchester's additional one percent rate of sales and compensating use tax until November 30th, 2027.	1	2	A 2025-04-30 109-36 roll1563428 DIV; S 2025-05-27 51-8 roll1599201	2025-07-29		S05731	excluded:local	applies to one named locality; outside the campaign gate
A06433	1991149	Extends the provisions authorizing the town of Greenburgh and specified villages in the towns of Greenburgh and Mount Pleasant to adopt a local law to impose a hotel/motel occupancy tax.	1	2	A 2025-04-30 108-37 roll1563444 DIV; S 2025-05-27 51-8 roll1595764	2025-06-26		S05192	excluded:local	applies to one named locality; outside the campaign gate
A06521	1992109	Extends the period during which the county of Herkimer is authorized to impose additional sales and compensating use taxes to November 30, 2027.	1	2	A 2025-04-08 108-39 roll1541388 DIV; S 2025-05-27 51-8 roll1599260	2025-08-07		S05606	excluded:local	applies to one named locality; outside the campaign gate
A06531	1992439	Extends authorization of the county of Herkimer to impose a county recording tax on obligation secured by a mortgage on real property to 12/01/2027.	1	2	A 2025-04-30 105-40 roll1563335 DIV; S 2025-05-27 51-8 roll1599241	2025-08-07		S05607	excluded:local	applies to one named locality; outside the campaign gate
A06558	1993860	Requires every food establishment to label all prepackaged food with a written notification on the package or on a label attached to the package identifying any ingredient with which a product is made that constitutes a	1	2	A 2025-06-05 138-7 roll1586116; S 2025-06-11 47-12 roll1589368 DIV	2025-11-12		S05381	candidate:batch-03	passed the title screen, not yet read
A06865	2007095	Extends the authorization granted to the county of Clinton to impose an additional one percent of sales and compensating use taxes until November 30th, 2027.	1	2	A 2025-04-30 106-39 roll1563422 DIV; S 2025-05-27 51-8 roll1599250	2025-08-07		S05006	excluded:local	applies to one named locality; outside the campaign gate
A06870	2008473	Extends the effectiveness of provisions relating to limiting the check cashing exemption for national banks and other regulated entities to August 1, 2027.	1	2	A 2025-06-09 96-46 roll1587417 DIV; S 2025-06-10 58-0 roll1588184	2025-07-29		S08299	excluded:extender	extends an existing authority or expiry date without changing policy
A07044	2011916	Relates to the imposition of sales and compensating use tax in Schenectady county; extends such authority until November 30, 2027.	1	2	A 2025-04-30 102-43 roll1563442 DIV; S 2025-05-27 51-8 roll1599246	2025-08-07		S06830	excluded:local	applies to one named locality; outside the campaign gate
A07372	2014598	Extends the occupancy tax in the village of Tuckahoe until September 1, 2027.	1	2	A 2025-05-19 105-38 roll1573952 DIV; S 2025-05-27 51-8 roll1599254	2025-08-07		S06712	excluded:local	applies to one named locality; outside the campaign gate
A07373	2014631	Extends the village of Port Chester occupancy tax until December 31, 2027.	1	2	A 2025-05-21 105-38 roll1575749 DIV; S 2025-05-27 51-8 roll1599248	2025-08-07		S06700	excluded:local	applies to one named locality; outside the campaign gate
A07374	2014609	Extends the effectiveness of the occupancy tax in the town of North Castle to 2027.	1	2	A 2025-05-19 108-35 roll1574034 DIV; S 2025-05-27 51-8 roll1599242	2025-08-07		S06713	excluded:local	applies to one named locality; outside the campaign gate
A07375	2014587	Extends the authorization of the city of New Rochelle to impose an additional sales and compensating use tax until December 31, 2027.	1	2	A 2025-05-21 106-37 roll1575862 DIV; S 2025-05-27 51-8 roll1599258	2025-08-07		S05782	excluded:local	applies to one named locality; outside the campaign gate
A07378	2014487	Extends the village of Mamaroneck occupancy tax for two years to 2027.	1	2	A 2025-05-19 110-33 roll1574046 DIV; S 2025-05-27 51-8 roll1599245	2025-08-07		S06701	excluded:local	applies to one named locality; outside the campaign gate
A07406	2014450	Extends the village of Rye Brook occupancy tax until September 1, 2027.	1	2	A 2025-05-27 106-39 roll1580193 DIV; S 2025-05-27 51-8 roll1599252	2025-08-07		S06721	excluded:local	applies to one named locality; outside the campaign gate
A07427	2015461	Prohibits the state university of New York from contracting out to the ground lessee or any subsidiary of the ground lessee or the research foundation for the state university of New York for any services or privatize an	1	2	A 2025-05-29 144-2 roll1582093; S 2025-06-06 39-14 roll1586144 DIV	2025-11-21		S07409	candidate:batch-03	passed the title screen, not yet read
A07745	2021531	Extends the authority of the county of Suffolk to impose an additional one percent of sales and compensating use tax.	1	2	A 2025-06-04 110-34 roll1585403 DIV; S 2025-06-09 55-7 roll1586930	2025-08-04		S07420	excluded:local	applies to one named locality; outside the campaign gate
A07753	2021579	Extends the imposition of additional rates of sales and compensating use taxes by Erie county to November 30, 2027.	1	2	A 2025-05-21 101-42 roll1575808 DIV; S 2025-05-27 50-9 roll1599068	2025-07-23		S05247	excluded:local	applies to one named locality; outside the campaign gate
A07821	2023396	Extends the authorization for an additional sales tax in Cortland county.	1	2	A 2025-05-21 104-39 roll1575844 DIV; S 2025-05-27 51-8 roll1599251	2025-08-07		S06982	excluded:local	applies to one named locality; outside the campaign gate
A08074	2026467	Extends the authority of the town of Newburgh to impose a hotel and motel tax for an additional two years; makes a technical change.	1	2	S 2025-06-09 54-8 roll1587020; A 2025-06-09 110-34 roll1587398 DIV	2025-08-07		S07742	excluded:local	applies to one named locality; outside the campaign gate
A08155	2028342	Extends the authorization of the county of Tompkins to impose an additional one percent of sales and compensating use taxes until November 30, 2027.	1	2	A 2025-06-09 110-34 roll1587358 DIV; S 2025-06-09 53-9 roll1586991	2025-08-07		S07804	excluded:local	applies to one named locality; outside the campaign gate
A08210	2028605	Extends provisions of law authorizing the county of Cortland to impose an additional mortgage recording tax until December 1, 2027.	1	2	A 2025-06-06 99-38 roll1586488 DIV; S 2025-06-09 53-9 roll1587188	2025-08-07		S07912	excluded:local	applies to one named locality; outside the campaign gate
A08235	2028600	Designates dog control officers of the village of Holley, named by the village board as constables, as peace officers.	1	2	A 2025-06-18 118-16 roll1592293; S 2026-06-04 47-13 roll1706055 DIV	2026-07-24		S07712	excluded:local	applies to one named locality; outside the campaign gate
A08651	2033238	Relates to the extension of a tax exemption for a mutual redevelopment company in a city having a population of one million or more persons.	1	2	A 2025-06-09 143-0 roll1587223; S 2025-06-10 41-17 roll1587923 DIV	2025-10-14		S07780	candidate:batch-03	passed the title screen, not yet read
A08676	2034076	Provides for relocation and employment assistance credits in cities with a population of one million or more.	1	2	A 2025-06-10 143-4 roll1588624; S 2025-06-11 40-19 roll1589228 DIV	2025-06-26		S08063	candidate:batch-03	passed the title screen, not yet read
A08784	2035499	Extends provisions authorizing the city of Hudson to impose hotel and motel taxes.	1	2	A 2025-06-11 115-31 roll1589476 DIV; S 2025-06-12 51-8 roll1590280	2025-08-07		S08345	excluded:local	applies to one named locality; outside the campaign gate
A08896	2036884	Makes technical changes to the aid to localities budget regarding the office of children and family services, the office of temporary and disability assistance, the department of health, the department of labor and the d	1	2	S 2025-06-12 45-14 roll1590868 DIV; A 2025-06-12 141-0 roll1590248	2025-06-26		S08438	excluded:appropriations	budget or bonding measure; no area carries an honest direction on a spending bill
A09452	2066349	Relates to the prohibition of the use of employment promissory notes and other similar provisions; defines transferable credential; relates to the effectiveness of such provisions.	1	2	A 2026-01-21 139-0 roll1615631; S 2026-01-28 37-22 roll1618925 DIV	2026-02-13		S08822	candidate:batch-03	passed the title screen, not yet read
A10008	2088234	Enacts into law major components of legislation necessary to implement the state transportation, economic development and environmental conservation budget for the 2026-2027 state fiscal year; extends provisions of law r	1	2	S 2026-05-26 53-10 roll1702235; A 2026-05-26 110-33 roll1702280 DIV	2026-05-26		S09008	excluded:appropriations	budget or bonding measure; no area carries an honest direction on a spending bill
A10032	2102961	Extends the authorization of the town of Cornwall in Orange county to impose a hotel and motel tax by three years.	1	2	A 2026-04-28 104-33 roll1691362 DIV; S 2026-05-28 52-8 roll1703697	2026-08-21		S09107	excluded:local	applies to one named locality; outside the campaign gate
A10391	2128202	Relates to adjudications and owner liability for a violation of traffic-control signal indications in the city of Poughkeepsie.	1	2	A 2026-06-03 111-29 roll1705634 DIV; S 2026-06-04 59-1 roll1706190	2026-08-14		S09453	excluded:local	applies to one named locality; outside the campaign gate
A10761	2139545	Extends provisions of law relating to increasing certain motor vehicle transaction fees and relating to certain costs of the department of motor vehicles.	1	2	A 2026-03-31 147-0 roll1674647; S 2026-03-31 47-13 roll1674398 DIV	2026-03-31		S09631	excluded:extender	extends an existing authority or expiry date without changing policy
A11349	2149591	Authorizes the town of Clarkstown to establish community preservation funds and to impose a real estate transfer tax with revenues therefrom to be deposited in the community preservation fund; provides for the repeal of	1	2	S 2026-06-03 50-11 roll1706427; A 2026-06-03 94-46 roll1705730 DIV	2026-07-31		S10276	excluded:local	applies to one named locality; outside the campaign gate
A11474	2151289	Extends certain provisions authorizing the city of Syracuse to impose a hotel and motel tax to December 31, 2029.	1	2	A 2026-06-02 102-37 roll1705769 DIV; S 2026-06-02 53-8 roll1711981	2026-08-21		S10553	excluded:local	applies to one named locality; outside the campaign gate
A11561	2152619	Extends the demonstration project and workgroup to reduce the use of temporary staffing agencies in residential healthcare facilities for a fifth year, until December 31, 2027 (Part A); extends the duration of certain br	1	2	S 2026-06-04 58-2 roll1706399; A 2026-06-04 100-39 roll1706571 DIV	2026-06-05		S10644	excluded:extender	extends an existing authority or expiry date without changing policy
C00151	1989330	Provides for the election of eight Regents of the University of the State of New York	1	1	A 2025-03-04 106-44 roll1509003 DIV	2025-03-04		B00438	candidate:batch-03	passed the title screen, not yet read
C00978	2123188	Provides for the election of two Regents of the University of the State of New York	1	1	A 2026-02-25 94-48 roll1648936 DIV	2026-02-25		B01637	candidate:batch-03	passed the title screen, not yet read
S00073	1898116	"Relates to rechargeable battery recycling; adds a battery used as the principal electric power source for an electric scooter or bicycle with electric assist to the definition of ""rechargeable battery""; provides that a b"	1	3	S 2025-03-05 61-0 roll1505907; S 2025-06-12 57-2 roll1590603; A 2025-06-17 91-50 roll1592517 DIV	2025-12-19		A04641	candidate:batch-03	passed the title screen, not yet read
S00123	1898069	Prohibits the sale of infant walkers; restricts the use of such infant walkers in certain settings.	1	2	S 2025-03-10 59-2 roll1509543; A 2025-06-10 97-49 roll1589090 DIV	2025-12-12		A00268	batch-02	imported
S00206	1898739	Extends the authorization granted to the county of Essex to impose an additional one percent of sales and compensating use taxes until November 30th, 2027.	1	2	S 2025-05-27 50-9 roll1584575; A 2025-06-04 108-36 roll1585409 DIV	2025-08-07		A03101	excluded:local	applies to one named locality; outside the campaign gate
S00277	1898747	Authorizes the town of Chester to establish community preservation funds; establishes a real estate transfer tax with revenues therefrom to be deposited in said community preservation fund.	1	2	S 2025-06-11 40-19 roll1589301 DIV; A 2025-06-13 122-14 roll1591276	2025-10-16		A02022	excluded:local	applies to one named locality; outside the campaign gate
S00550	1900897	Requires a caller making a report of suspected child abuse or maltreatment to the central register to leave their name and contact information; prohibits the office of children and family services from releasing informat	1	3	S 2025-05-19 54-2 roll1573377; S 2025-06-09 60-2 roll1586954; A 2025-06-16 109-36 roll1592198 DIV	2025-12-19		A00066	candidate:batch-03	passed the title screen, not yet read
S00666	1901436	Extends the town of Goshen's authority to impose a hotel and motel tax of up to five percent for two additional years.	1	2	S 2025-05-27 46-13 roll1590867 DIV; A 2025-06-13 111-25 roll1591171	2025-08-07		A07965	excluded:local	applies to one named locality; outside the campaign gate
S00738	1902174	Requires operating manuals for micromobility devices, bicycles with electric assist and limited use motorcycles powered by lithium-ion batteries, and lithium-ion batteries intended for use in such devices.	1	2	S 2025-02-03 62-1 roll1479123; A 2025-02-11 104-45 roll1487310 DIV	2025-02-14		A00923	candidate:batch-03	passed the title screen, not yet read
S00805	1902143	Directs the superintendent of state police, in consultation with the office of children and family services, shall develop, maintain and disseminate to all members of the state police written policies and procedures, reg	1	2	S 2025-02-10 57-4 roll1485454; A 2025-04-30 112-33 roll1563377 DIV	2025-05-23		A00813	candidate:batch-03	passed the title screen, not yet read
S00811	1902208	Requires separate collection categories for Middle Eastern and North African groups in NYS.	1	2	S 2025-01-28 61-0 roll1475395; A 2025-02-11 102-47 roll1487381 DIV	2025-02-14		A00518	candidate:batch-03	passed the title screen, not yet read
S00815	1902813	Modifies the safe landings for youth leaving foster care act or safe landings act to allow for the conversion of certain motions to become motions to return a respondent to foster care.	1	2	S 2025-01-14 60-0 roll1471407; A 2025-02-11 116-33 roll1487306 DIV	2025-02-14		A00922	candidate:batch-03	passed the title screen, not yet read
S00848	1902584	Authorizes the county of Livingston to impose an additional one percent sales tax.	1	2	S 2025-05-27 51-8 roll1584609; A 2025-06-04 108-36 roll1585429 DIV	2025-08-07		A02043	excluded:local	applies to one named locality; outside the campaign gate
S00855	1902924	Extends the authorization for Ontario county to impose additional rates of sales and compensating use taxes until 2027.	1	2	S 2025-05-27 50-9 roll1584772; A 2025-06-04 107-37 roll1585616 DIV	2025-08-07		A06408	excluded:local	applies to one named locality; outside the campaign gate
S01069	1903977	Prohibits the lease of state forests, reforestation areas, wildlife management areas and unique areas for the purpose of gas and oil production.	1	2	S 2025-04-22 50-3 roll1553618; A 2025-06-11 91-48 roll1589668 DIV	2025-12-19		A01179	candidate:batch-03	passed the title screen, not yet read
S01076	1904647	Extends the authorization granted to the county of St. Lawrence to impose an additional one percent of sales and compensating use taxes until November 30th, 2027.	1	2	S 2025-05-27 50-9 roll1581005; A 2025-05-29 108-38 roll1582072 DIV	2025-08-07		A04490	excluded:local	applies to one named locality; outside the campaign gate
S01204	1907467	Directs the metropolitan transportation authority and the New York city transit authority to rename the 110th Street - Central Park North subway station to the 110th Street - Malcolm X Plaza station.	1	2	S 2025-06-05 47-13 roll1585885 DIV; A 2025-06-16 144-0 roll1592218	2025-08-10		A05339	candidate:batch-03	passed the title screen, not yet read
S01353	1908459	Prohibits creditors from enforcing a consumer debt incurred as a result of fraud, duress, intimidation, threat, force, identity theft, exploitation of the debtor's personal information or similar economic abuse perpetrat	1	3	S 2025-05-13 46-11 roll1570754; S 2025-06-09 51-11 roll1587190; A 2025-06-11 96-50 roll1589619 DIV	2025-12-19		A03038	batch-02	imported
S01691	1914971	Extends the authorization for Otsego county to impose additional rates of sales and compensating use taxes.	1	2	S 2025-05-27 50-9 roll1592476; A 2025-06-17 104-30 roll1592477 DIV	2025-08-07		A04842	excluded:local	applies to one named locality; outside the campaign gate
S03493	1943569	Extends the expiration of the authorization for the county of Seneca to impose an additional one percent sales and compensating use tax for two years.	1	2	S 2025-05-27 51-8 roll1586174; A 2025-06-06 103-40 roll1586853 DIV	2025-08-07		A03644	excluded:local	applies to one named locality; outside the campaign gate
S03495	1943611	Extends provisions relating to the mortgage tax in the county of Steuben until December 1, 2027.	1	2	S 2025-05-27 51-8 roll1591942; A 2025-06-17 106-28 roll1592262 DIV	2025-08-07		A06659	excluded:local	applies to one named locality; outside the campaign gate
S03498	1943721	Extends the authorization of the county of Tioga to impose an additional one percent of sales and compensating use taxes through November 30, 2027.	1	2	S 2025-05-27 51-8 roll1581008; A 2025-05-29 107-39 roll1582067 DIV	2025-08-07		A06483	excluded:local	applies to one named locality; outside the campaign gate
S03499	1943752	Extends the authorization of the county of Chemung to impose an additional one percent of sales and compensating use taxes to November 30, 2027.	1	2	S 2025-05-27 51-8 roll1584875; A 2025-06-04 105-39 roll1585383 DIV	2025-08-07		A06485	excluded:local	applies to one named locality; outside the campaign gate
S03625	1945843	Extends the authorization for additional sales and use tax for Schoharie county.	1	2	S 2025-05-27 51-8 roll1592021; A 2025-06-17 105-30 roll1592629 DIV	2025-08-07		A04136	excluded:extender	extends an existing authority or expiry date without changing policy
S04858	1968839	Extends authorization for the county of Lewis to impose an additional one percent of sales and compensating use taxes until November 30, 2027.	1	2	S 2025-05-27 51-8 roll1592389; A 2025-06-17 105-29 roll1592390 DIV	2025-08-07		A05514	excluded:local	applies to one named locality; outside the campaign gate
S04906	1970952	Provides for certain victim statements to be taken at their workplace instead of the police department where such workplace was the scene of the crime and is a hospital, emergency medical facility, nursing home or reside	1	3	S 2025-05-22 57-0 roll1577966; S 2025-06-09 62-0 roll1586909; A 2025-06-11 105-41 roll1589424 DIV	2025-10-16		A06055	candidate:batch-03	passed the title screen, not yet read
S05492	1979500	Extends the authority of Dutchess county to impose a sales and compensating use tax for two additional years.	1	2	S 2025-05-27 51-8 roll1585131; A 2025-06-04 107-36 roll1585366 DIV	2025-08-07		A05970	excluded:local	applies to one named locality; outside the campaign gate
S05571	1982578	Authorizes the county of Niagara to continue to impose an additional rate of sales and compensating use taxes.	1	2	S 2025-05-27 50-9 roll1584809; A 2025-06-06 102-39 roll1586785 DIV	2025-08-07		A06750	excluded:local	applies to one named locality; outside the campaign gate
S05677	1986661	Establishes a school speed zone camera demonstration program in the city of Schenectady; repeals authorization of program December 31, 2030.	1	2	S 2025-06-12 57-2 roll1590615; A 2025-06-13 108-29 roll1591240 DIV	2025-10-27		A07669	excluded:local	applies to one named locality; outside the campaign gate
S05773	1988847	Extends authorization to impose certain taxes in the county of Sullivan.	1	2	S 2025-05-27 51-8 roll1592673; A 2025-06-18 107-27 roll1592674 DIV	2025-08-07		A08290	excluded:local	applies to one named locality; outside the campaign gate
S05941	1990515	Requires peer-to-peer car sharing programs provide insurance coverage in amounts equal to the financial responsibility requirements set forth in section three hundred eleven of the vehicle and traffic law; removes requir	1	2	S 2025-06-12 58-1 roll1590469; A 2025-06-16 102-42 roll1592415 DIV	2025-12-19		A06576	candidate:batch-03	passed the title screen, not yet read
S05984	1990967	Extends certain provisions authorizing an occupancy tax in the village of Weedsport to 12/31/2027.	1	2	S 2025-05-27 45-14 roll1592062 DIV; A 2025-06-17 113-28 roll1592640	2025-08-07		A07822	excluded:local	applies to one named locality; outside the campaign gate
S05985	1991169	Extends certain provisions authorizing an occupancy tax in the town of Skaneateles to 12/31/2027.	1	2	S 2025-05-27 45-14 roll1590305 DIV; A 2025-06-13 112-25 roll1591243	2025-08-07		A07901	excluded:local	applies to one named locality; outside the campaign gate
S05986	1991029	Extends certain provisions authorizing an occupancy tax in the village of Skaneateles to 12/31/2027.	1	2	S 2025-05-27 45-14 roll1590416 DIV; A 2025-06-13 109-24 roll1591301	2025-08-07		A07895	excluded:local	applies to one named locality; outside the campaign gate
S06212	1993570	Extends the authorization of the county of Greene to impose an additional mortgage recording tax.	1	2	S 2025-05-27 51-8 roll1591990; A 2025-06-17 104-30 roll1592373 DIV	2025-08-07		A05007	excluded:local	applies to one named locality; outside the campaign gate
S06213	1993685	Extends the authorization for imposition of additional sales and compensating use taxes in Greene county.	1	2	S 2025-05-27 51-8 roll1592015; A 2025-06-17 103-31 roll1592537 DIV	2025-08-07		A04986	excluded:local	applies to one named locality; outside the campaign gate
S06215	1993689	Extends authorization for the county of Fulton to impose an additional one percent of sales and compensating use taxes until November 30, 2027.	1	2	S 2025-05-27 51-8 roll1584895; A 2025-06-06 101-39 roll1586448 DIV	2025-08-07		A07447	excluded:local	applies to one named locality; outside the campaign gate
S06264	1994883	Extends the authorization granted to the county of Broome to impose an additional one percent of sales and compensating use taxes for two years.	1	2	S 2025-05-27 51-8 roll1586611; A 2025-06-09 107-37 roll1587491 DIV	2025-08-07		A06841	excluded:local	applies to one named locality; outside the campaign gate
S06267	1994874	Extends the authorization of the county of Delaware to impose an additional one percent of sales and compensating use taxes.	1	2	S 2025-05-27 51-8 roll1591986; A 2025-06-17 105-29 roll1592346 DIV	2025-08-07		A06820	excluded:local	applies to one named locality; outside the campaign gate
S06386	2005847	Extends the authority of Oneida county to impose additional rates of sales and compensating use taxes and to allocate and distribute a portion of net collections from such additional rates.	1	2	S 2025-05-27 51-8 roll1584882; A 2025-06-04 108-36 roll1585345 DIV	2025-08-07		A07334	excluded:local	applies to one named locality; outside the campaign gate
S06693	2011153	Modernizes the practice of podiatry specifically relating to ankle surgery.	1	2	S 2025-06-12 47-12 roll1590514 DIV; A 2025-06-17 131-4 roll1592296	2025-12-12		A04613	candidate:batch-03	passed the title screen, not yet read
S06757	2012973	Clarifies that certain provisions related to statewide opioid settlement agreements shall cover settlements and releases related to any entities involved in the prescription drug marketing, supply and payment chain that	1	2	S 2025-06-05 44-16 roll1585866 DIV; A 2025-06-16 144-0 roll1592411	2025-09-26		A08459	candidate:batch-03	passed the title screen, not yet read
S06834	2013939	Authorizes an occupancy tax in the city of Oneonta not to exceed 6%.	1	2	S 2026-05-28 49-11 roll1702895; A 2026-06-05 96-35 roll1706867 DIV	2026-08-21		A07960	excluded:local	applies to one named locality; outside the campaign gate
S06843	2014167	Extends the authority of the county of Nassau to impose hotel and motel taxes; extends the expiration of certain provisions relating to a surcharge on tickets to places of entertainment in such county, a charge for copyi	1	2	S 2025-05-27 51-8 roll1591945; A 2025-06-17 106-28 roll1592702 DIV	2025-08-07		A06344	excluded:local	applies to one named locality; outside the campaign gate
S06859	2014044	Makes a technical change to the tax law; extends the authorization of the village of Nyack to impose an occupancy tax.	1	2	S 2025-05-27 48-11 roll1590874; A 2025-06-13 104-29 roll1591285 DIV	2025-08-07		A07323	excluded:local	applies to one named locality; outside the campaign gate
S06927	2015683	Makes a technical change to the tax law; authorizes the imposition of an occupancy tax in the city of Newburgh, in relation of the effectiveness thereof.	1	2	S 2025-05-27 51-8 roll1587061; A 2025-06-09 110-34 roll1587401 DIV	2025-06-26		A07320	excluded:local	applies to one named locality; outside the campaign gate
S06997	2016245	Relates to enforcement of pole attachment safety and quality and utility pole and attachment identification.	1	2	S 2025-06-06 50-3 roll1586190; A 2025-06-17 111-31 roll1592516 DIV	2025-12-19		A07544	candidate:batch-03	passed the title screen, not yet read
S07198	2019957	Relates to the imposition of sales and compensating use taxes by the county of Albany; extends authorization for such tax until 11/30/2027.	1	2	S 2025-05-27 51-8 roll1581344; A 2025-05-29 105-40 roll1582044 DIV	2025-08-07		A07797	excluded:local	applies to one named locality; outside the campaign gate
S07403	2023956	Extends the authorization of the county of Oswego to impose an additional one percent of sales and compensating use taxes.	1	2	S 2025-05-27 51-8 roll1584582; A 2025-06-17 106-28 roll1592650 DIV	2025-08-07		A05621	excluded:local	applies to one named locality; outside the campaign gate
S07422	2024032	Authorizes additional traffic-control signal photo violation-monitoring devices at no more than one intersection located on the Saw Mill River parkway within the village of Pleasantville, county of Westchester, upon appr	1	2	S 2025-06-09 57-5 roll1586983; A 2025-06-11 115-31 roll1589386 DIV	2025-10-27		A08029	excluded:local	applies to one named locality; outside the campaign gate
S07525	2025321	Extends the authorization to impose a county recording tax on obligations secured by a mortgage on real property in Albany County.	1	3	S 2025-05-27 51-8 roll1580419; S 2025-06-05 52-8 roll1585669; A 2025-06-13 105-28 roll1591062 DIV	2025-08-07		A08114	excluded:local	applies to one named locality; outside the campaign gate
S07542	2025564	Extends the authority of the village of Medina to impose an occupancy tax.	1	2	S 2025-06-09 54-8 roll1587077; A 2025-06-18 106-28 roll1592294 DIV	2025-08-07		A08079	excluded:local	applies to one named locality; outside the campaign gate
S07624	2026049	Extends provisions relating to the imposition of an occupancy tax on the village of Mount Kisco until September 1, 2027.	1	2	S 2025-05-27 51-8 roll1586933; A 2025-06-09 111-33 roll1587264 DIV	2025-08-07		A08077	excluded:local	applies to one named locality; outside the campaign gate
S07649	2026544	Extends the authorization of the city of Oswego to impose an additional one percent of sales and compensating use taxes.	1	2	S 2025-06-09 53-9 roll1586957; A 2025-06-18 107-27 roll1592254 DIV	2025-08-07		A08072	excluded:local	applies to one named locality; outside the campaign gate
S07678	2026999	Establishes a school speed zone camera demonstration program in the city of White Plains; repeals authorization of program December 31, 2030.	1	2	S 2025-06-11 57-2 roll1589064; A 2025-06-16 114-30 roll1592541 DIV	2025-10-27		A08166	excluded:local	applies to one named locality; outside the campaign gate
S07966	2031506	"Authorizes the village of Atlantic Beach, county of Nassau to impose a three percent hotel, motel and beach club tax; defines ""beach club"" as a facility formed, organized or operated by any person, firm or corporation, l"	1	2	S 2026-05-28 49-11 roll1703655; A 2026-06-05 98-34 roll1706868 DIV	2026-08-21		A05456	excluded:local	applies to one named locality; outside the campaign gate
S07980	2031456	Relates to the determination of adjusted base proportions in special assessing units which are cities for fiscal year 2026.	1	2	S 2025-06-11 42-17 roll1589347 DIV; A 2025-06-13 132-1 roll1591054	2025-10-27		A08629	candidate:batch-03	passed the title screen, not yet read
S08161	2032089	Authorizes Yeshivas Nachlas Sofrim to receive retroactive real property tax exempt status.	1	2	S 2025-06-12 47-12 roll1590395 DIV; A 2025-06-17 141-0 roll1592357	2025-10-16		A08566	candidate:batch-03	passed the title screen, not yet read
S08235	2033875	Increases the bonding authority of the New York city housing development corporation from nineteen billion dollars to twenty billion dollars.	1	2	A 2025-06-10 101-45 roll1588963 DIV; S 2025-06-10 53-5 roll1588148	2025-08-26		A08663	excluded:appropriations	budget or bonding measure; no area carries an honest direction on a spending bill
S08311	2034709	Relates to succession rights for tenants of New York city housing authority properties.	1	2	S 2025-06-12 45-14 roll1590406 DIV; A 2025-06-16 142-2 roll1592384	2025-10-16		A08412	batch-02	imported
S08321	2035055	Extends the authorization to have an occupancy tax in the town of Putnam Valley, in the county of Putnam.	1	2	S 2025-06-11 51-8 roll1589947; A 2025-06-18 106-28 roll1592444 DIV	2025-08-07		A08777	excluded:local	applies to one named locality; outside the campaign gate
S08338	2035254	Clarifies the standard for when a practice has a discriminatory effect; provides that an unlawful discriminatory practice may be established by such practice's discriminatory effect, even if such practice was not motivat	1	2	S 2025-06-09 59-3 roll1587119; A 2025-06-16 98-46 roll1592507 DIV	2025-12-19		A08699	dropped:twin	Chapter amendment to A 4040, which this batch imports. Importing both would give every member two records making nearly the same claim.
S08420	2036417	Requires advertisements to disclose the use of a synthetic performer; imposes a $1,000 civil penalty for a first violation and a $5,000 penalty for any subsequent violation.	1	2	S 2025-06-13 59-0 roll1590368; A 2025-06-17 92-49 roll1592494 DIV	2025-12-11		A08887	batch-02	imported
S08763	2068778	Requires that following the acquittal after trial or the sentencing of any defendant for a felony, the district attorney, or their designee, shall provide by mail, electronically, or by any other reasonable and secure me	1	2	S 2026-01-21 56-0 roll1615450; A 2026-02-03 98-43 roll1623045 DIV	2026-02-13		A09493	candidate:batch-03	passed the title screen, not yet read
S08778	2068689	Requires name and contact information to be provided in certain calls made to the statewide central register of child abuse and maltreatment.	1	2	S 2026-01-28 57-2 roll1619863; A 2026-01-29 98-36 roll1619864 DIV	2026-02-13		A09481	candidate:batch-03	passed the title screen, not yet read
S08786	2068614	Provides that a rental vehicle company or peer-to-peer car sharing program administrator may act as an agent for an authorized insurer with respect to accident and health insurance that provides coverage to shared vehicl	1	2	S 2026-01-28 58-1 roll1619347; A 2026-02-10 101-42 roll1629596 DIV	2026-02-13		A09508	candidate:batch-03	passed the title screen, not yet read
S08830	2068740	Relates to actions for claims arising out of coerced debts; limits certain actions; established a right of action against person who causes another to incur coerced debt.	1	2	S 2026-03-05 51-8 roll1654955; A 2026-03-10 95-48 roll1659810 DIV	2026-03-18		A09460	candidate:batch-03	passed the title screen, not yet read
S08832	2068632	Relates to rechargeable battery recycling.	1	2	S 2026-01-21 51-5 roll1615447; A 2026-02-10 97-46 roll1629384 DIV	2026-02-13		A09504	candidate:batch-03	passed the title screen, not yet read
S08836	2068555	Provides that the assignment, transfer, or modification of leases for exploration, development, and production of gas or oil in state forests, reforestation areas and wildlife management areas shall not allow expansion o	1	2	S 2026-02-04 58-4 roll1624247; A 2026-03-10 93-50 roll1659730 DIV	2026-03-27		A09511	candidate:batch-03	passed the title screen, not yet read
S09002	2088699	Makes appropriations for the support of government - State Debt Budget.	1	2	S 2026-03-26 48-10 roll1672199; A 2026-03-26 109-34 roll1671736 DIV	2026-06-09		A10002	excluded:appropriations	budget or bonding measure; no area carries an honest direction on a spending bill
S09264	2120402	Extends the authorization of the city of Beacon to impose a hotel and motel tax for an additional three years.	1	2	S 2026-05-28 53-7 roll1703491; A 2026-06-01 101-38 roll1705763 DIV	2026-08-21		A10396	excluded:local	applies to one named locality; outside the campaign gate
S09504	2135610	Extends the authority of the city of Poughkeepsie to impose a hotel and motel tax for an additional three years.	1	2	S 2026-05-28 53-7 roll1702951; A 2026-06-02 101-38 roll1705545 DIV	2026-08-21		A10481	excluded:local	applies to one named locality; outside the campaign gate
S10029	2145236	Increases the occupancy tax in the county of St. Lawrence from three to five percent.	1	2	S 2026-05-28 49-11 roll1702845; A 2026-06-05 96-35 roll1706883 DIV	2026-08-21		A11163	excluded:local	applies to one named locality; outside the campaign gate
